orthogroup	cluster_index	family_member_count	tmd_count	support_n	support_fraction	proteins_with_multiple_tmds_in_cluster	median_alignment_start	median_alignment_end	start_min	start_max	start_range	start_mad	end_min	end_max	end_range	end_mad
orthogroup_18	1	10	10	10	1.0	0	7.0	22.0	6	9	3	1.0	20	23	3	0.0
orthogroup_18	2	10	10	10	1.0	0	32.0	53.0	32	36	4	0.0	53	53	0	0.0
orthogroup_18	3	10	10	10	1.0	0	65.0	84.0	65	65	0	0.0	84	85	1	0.0
orthogroup_44	1	10	10	10	1.0	0	17.0	34.0	16	17	1	0.0	33	34	1	0.0
orthogroup_44	2	10	10	10	1.0	0	53.0	71.0	52	54	2	0.0	68	71	3	0.0
orthogroup_44	3	10	10	10	1.0	0	96.0	113.0	96	97	1	0.0	113	117	4	0.0
orthogroup_44	4	10	10	10	1.0	0	129.0	146.5	129	129	0	0.0	146	147	1	0.5
orthogroup_44	5	10	10	10	1.0	0	160.0	177.0	159	160	1	0.0	176	177	1	0.0
orthogroup_44	6	10	10	10	1.0	0	191.0	212.0	191	192	1	0.0	211	214	3	0.5
orthogroup_44	7	10	10	10	1.0	0	241.0	262.0	241	245	4	0.0	261	262	1	0.0
orthogroup_44	8	10	10	10	1.0	0	286.0	308.0	286	286	0	0.0	308	308	0	0.0
orthogroup_44	9	10	10	10	1.0	0	333.0	348.5	331	334	3	0.5	347	349	2	0.5
orthogroup_44	10	10	10	10	1.0	0	366.0	386.0	366	367	1	0.0	383	386	3	0.0
orthogroup_44	11	10	10	10	1.0	0	394.0	414.0	394	395	1	0.0	414	414	0	0.0
orthogroup_44	12	10	10	10	1.0	0	422.0	440.0	422	422	0	0.0	439	440	1	0.0
orthogroup_44	13	10	10	10	1.0	0	457.0	478.0	457	461	4	0.0	475	478	3	0.0
orthogroup_44	14	10	10	10	1.0	0	495.0	513.0	495	495	0	0.0	513	513	0	0.0
orthogroup_48	1	10	10	10	1.0	0	8.0	30.0	7	10	3	0.0	28	31	3	0.0
orthogroup_48	2	10	10	10	1.0	0	41.0	61.0	41	44	3	0.0	61	61	0	0.0
orthogroup_48	3	10	10	10	1.0	0	71.0	85.0	69	72	3	0.0	84	89	5	0.0
orthogroup_51	1	10	10	10	1.0	0	50.0	61.0	49	50	1	0.0	59	64	5	0.0
orthogroup_51	2	10	10	10	1.0	0	68.0	79.0	67	69	2	0.5	78	79	1	0.0
orthogroup_51	3	10	10	10	1.0	0	87.0	99.0	86	87	1	0.0	99	100	1	0.0
orthogroup_51	4	10	10	10	1.0	0	104.0	118.0	103	105	2	1.0	118	119	1	0.0
orthogroup_51	5	10	10	10	1.0	0	133.0	149.0	132	133	1	0.0	148	150	2	0.5
orthogroup_51	6	10	10	10	1.0	0	162.0	179.0	161	163	2	0.0	179	182	3	0.0
orthogroup_51	7	10	10	10	1.0	0	201.0	215.0	200	201	1	0.0	215	216	1	0.0
orthogroup_51	8	10	10	10	1.0	0	224.0	238.0	224	224	0	0.0	237	238	1	0.0
orthogroup_51	9	10	10	10	1.0	0	243.5	259.0	243	244	1	0.5	259	259	0	0.0
orthogroup_51	10	10	10	10	1.0	0	264.0	279.0	264	265	1	0.0	278	280	2	1.0
orthogroup_51	11	10	10	10	1.0	0	286.0	302.0	286	286	0	0.0	301	302	1	0.0
orthogroup_51	12	10	10	10	1.0	0	310.0	326.0	309	313	4	0.5	324	326	2	0.0
orthogroup_67	1	10	10	10	1.0	0	5.0	22.0	5	5	0	0.0	19	22	3	0.0
orthogroup_67	2	10	10	10	1.0	0	42.0	66.0	41	43	2	0.0	63	70	7	0.0
orthogroup_67	3	10	10	10	1.0	0	82.0	104.0	82	82	0	0.0	102	105	3	1.0
orthogroup_67	4	10	10	10	1.0	0	115.0	132.0	112	115	3	0.0	132	133	1	0.0
orthogroup_109	1	10	10	10	1.0	0	18.0	34.0	18	18	0	0.0	31	34	3	0.0
orthogroup_109	2	10	10	10	1.0	0	68.0	85.0	68	71	3	0.0	85	85	0	0.0
orthogroup_109	3	10	10	10	1.0	0	114.0	129.0	113	114	1	0.0	127	130	3	0.0
orthogroup_109	4	10	10	10	1.0	0	154.0	170.0	151	154	3	0.0	170	171	1	0.0
orthogroup_109	5	10	10	10	1.0	0	183.0	193.0	183	184	1	0.0	192	193	1	0.0
orthogroup_109	6	10	10	10	1.0	0	219.0	234.5	219	222	3	0.0	233	235	2	0.5
orthogroup_109	7	10	10	10	1.0	0	278.0	294.0	277	278	1	0.0	294	294	0	0.0
orthogroup_109	8	10	10	10	1.0	0	318.0	334.0	318	318	0	0.0	334	335	1	0.0
orthogroup_109	9	10	10	10	1.0	0	374.5	393.5	374	376	2	0.5	393	394	1	0.5
orthogroup_109	10	10	10	10	1.0	0	401.5	415.0	401	405	4	0.5	414	419	5	0.5
orthogroup_124	1	10	10	10	1.0	0	9.0	29.0	9	9	0	0.0	26	29	3	0.0
orthogroup_124	2	10	10	10	1.0	0	52.0	75.0	51	52	1	0.0	74	76	2	1.0
orthogroup_124	3	10	10	10	1.0	0	88.5	108.5	88	89	1	0.5	105	109	4	0.5
orthogroup_124	4	10	10	10	1.0	0	120.0	139.0	120	120	0	0.0	138	140	2	0.0
orthogroup_124	5	10	10	10	1.0	0	148.0	168.0	148	149	1	0.0	166	168	2	0.0
orthogroup_124	6	10	10	10	1.0	0	176.0	194.5	176	177	1	0.0	194	195	1	0.5
orthogroup_126	1	10	10	10	1.0	0	16.0	34.0	16	20	4	0.0	34	34	0	0.0
orthogroup_126	2	10	10	10	1.0	0	44.0	61.0	44	44	0	0.0	61	61	0	0.0
orthogroup_126	3	10	10	10	1.0	0	66.0	90.0	66	66	0	0.0	86	90	4	0.0
orthogroup_136	1	10	10	10	1.0	0	18.0	32.0	17	19	2	0.0	30	32	2	0.0
orthogroup_136	2	10	10	10	1.0	0	78.0	92.0	78	78	0	0.0	92	95	3	0.0
orthogroup_136	3	10	10	10	1.0	0	101.0	118.0	101	102	1	0.0	118	119	1	0.0
orthogroup_136	4	10	10	10	1.0	0	131.0	145.0	130	131	1	0.0	143	145	2	0.0
orthogroup_136	5	10	10	10	1.0	0	162.0	174.5	160	163	3	0.5	174	175	1	0.5
orthogroup_136	6	10	10	10	1.0	0	181.0	195.0	180	182	2	0.0	194	198	4	0.0
orthogroup_151	1	10	10	10	1.0	0	6.0	23.0	6	7	1	0.0	22	24	2	0.0
orthogroup_151	2	10	10	10	1.0	0	52.0	69.0	50	53	3	0.5	67	69	2	0.0
orthogroup_151	3	10	10	10	1.0	0	91.0	107.0	91	93	2	0.0	107	107	0	0.0
orthogroup_151	4	10	10	10	1.0	0	139.0	162.0	139	140	1	0.0	161	162	1	0.0
orthogroup_151	5	10	10	10	1.0	0	168.0	183.0	168	169	1	0.0	183	183	0	0.0
orthogroup_151	6	10	10	10	1.0	0	186.0	202.0	186	187	1	0.0	202	202	0	0.0
orthogroup_151	7	10	10	10	1.0	0	209.0	225.0	209	209	0	0.0	224	225	1	0.0
orthogroup_156	1	10	10	10	1.0	0	16.0	32.0	16	16	0	0.0	30	32	2	0.0
orthogroup_156	2	10	10	10	1.0	0	43.5	58.0	43	44	1	0.5	57	58	1	0.0
orthogroup_156	3	10	10	10	1.0	0	60.0	77.0	60	61	1	0.0	77	79	2	0.0
orthogroup_156	4	10	10	10	1.0	0	118.0	134.0	118	119	1	0.0	134	135	1	0.0
orthogroup_156	5	10	10	10	1.0	0	145.0	161.0	145	145	0	0.0	159	161	2	0.0
orthogroup_156	6	10	10	10	1.0	0	168.0	182.0	168	169	1	0.0	182	183	1	0.0
orthogroup_156	7	10	10	10	1.0	0	207.0	224.0	203	210	7	0.0	223	224	1	0.0
orthogroup_156	8	10	10	10	1.0	0	662.0	685.0	658	666	8	1.0	684	686	2	0.0
orthogroup_158	1	10	10	10	1.0	0	15.0	35.0	15	19	4	0.0	35	38	3	0.0
orthogroup_158	2	10	10	10	1.0	0	59.5	76.0	57	60	3	0.5	76	77	1	0.0
orthogroup_158	3	10	10	10	1.0	0	82.0	94.0	81	82	1	0.0	94	95	1	0.0
orthogroup_158	4	10	10	10	1.0	0	108.5	123.0	108	109	1	0.5	122	123	1	0.0
orthogroup_158	5	10	10	10	1.0	0	143.0	156.0	141	143	2	0.0	153	156	3	0.0
orthogroup_158	6	10	10	10	1.0	0	180.5	196.0	180	181	1	0.5	195	196	1	0.0
orthogroup_158	7	10	10	10	1.0	0	199.0	212.5	198	200	2	0.0	212	215	3	0.5
orthogroup_158	8	10	10	10	1.0	0	258.0	275.0	257	259	2	0.0	275	276	1	0.0
orthogroup_158	9	10	10	10	1.0	0	299.0	308.0	297	299	2	0.0	308	308	0	0.0
orthogroup_158	10	10	10	10	1.0	0	310.0	319.0	310	310	0	0.0	319	320	1	0.0
orthogroup_158	11	10	10	10	1.0	0	337.0	349.0	336	337	1	0.0	349	352	3	0.0
orthogroup_158	12	10	10	10	1.0	0	359.0	372.0	359	361	2	0.0	371	372	1	0.0
orthogroup_158	13	10	10	10	1.0	0	387.0	399.0	386	387	1	0.0	399	399	0	0.0
orthogroup_158	14	10	10	10	1.0	0	403.0	419.0	403	404	1	0.0	419	420	1	0.0
orthogroup_158	15	10	10	10	1.0	0	429.0	440.0	428	429	1	0.0	440	442	2	0.0
orthogroup_190	1	10	10	10	1.0	0	4.0	17.0	3	10	7	0.0	17	19	2	0.0
orthogroup_190	2	10	10	10	1.0	0	32.0	46.0	32	33	1	0.0	46	50	4	0.0
orthogroup_190	3	10	10	10	1.0	0	66.0	83.5	66	66	0	0.0	83	86	3	0.5
orthogroup_190	4	10	10	10	1.0	0	93.0	122.0	93	94	1	0.0	122	123	1	0.0
orthogroup_190	5	10	10	10	1.0	0	133.0	153.0	132	133	1	0.0	152	153	1	0.0
orthogroup_190	6	10	10	10	1.0	0	160.0	178.0	159	160	1	0.0	174	182	8	0.5
orthogroup_203	1	10	10	10	1.0	0	11.0	29.0	11	11	0	0.0	29	29	0	0.0
orthogroup_203	2	10	10	10	1.0	0	44.0	61.0	43	44	1	0.0	61	61	0	0.0
orthogroup_203	3	10	10	10	1.0	0	89.0	107.0	89	89	0	0.0	107	108	1	0.0
orthogroup_203	4	10	10	10	1.0	0	140.0	156.0	140	141	1	0.0	155	156	1	0.0
orthogroup_203	5	10	10	10	1.0	0	169.0	183.0	167	169	2	0.0	183	183	0	0.0
orthogroup_203	6	10	10	10	1.0	0	219.0	236.0	219	219	0	0.0	236	239	3	0.0
orthogroup_203	7	10	9	9	0.9	0	246.0	265.0	245	247	2	1.0	264	267	3	0.0
orthogroup_210	1	10	10	10	1.0	0	32.0	47.0	24	32	8	0.0	45	51	6	0.0
orthogroup_210	2	10	10	10	1.0	0	61.0	78.0	60	62	2	1.0	74	79	5	0.0
orthogroup_210	3	10	10	10	1.0	0	105.0	125.0	105	106	1	0.0	123	125	2	0.0
orthogroup_210	4	10	10	10	1.0	0	137.0	158.0	136	139	3	1.0	156	159	3	1.0
orthogroup_210	5	10	10	10	1.0	0	170.0	187.0	167	170	3	0.0	187	187	0	0.0
orthogroup_210	6	10	10	10	1.0	0	193.0	211.0	192	193	1	0.0	210	213	3	0.5
orthogroup_210	9	10	10	10	1.0	0	289.0	306.0	289	289	0	0.0	305	306	1	0.0
orthogroup_210	10	10	10	10	1.0	0	312.0	329.0	312	312	0	0.0	329	329	0	0.0
orthogroup_210	11	10	10	10	1.0	0	356.0	377.0	355	357	2	0.0	377	378	1	0.0
orthogroup_210	12	10	10	10	1.0	0	382.0	403.0	382	384	2	0.0	402	404	2	0.0
orthogroup_245	1	10	10	10	1.0	0	16.0	33.0	13	16	3	0.0	33	37	4	0.0
orthogroup_245	2	10	10	10	1.0	0	63.0	80.0	57	64	7	0.5	77	80	3	0.0
orthogroup_245	3	10	10	10	1.0	0	92.0	105.0	90	92	2	0.0	101	105	4	0.0
orthogroup_245	4	10	10	10	1.0	0	152.0	166.0	151	152	1	0.0	165	167	2	0.0
orthogroup_245	8	10	10	10	1.0	0	292.0	308.0	292	296	4	0.0	308	310	2	0.0
orthogroup_245	10	10	10	10	1.0	0	348.0	367.0	347	351	4	1.0	367	370	3	0.0
orthogroup_245	11	10	8	8	0.8	0	378.0	391.0	378	380	2	0.0	390	391	1	0.0
orthogroup_255	1	10	10	10	1.0	0	314.0	331.0	311	318	7	0.0	331	334	3	0.0
orthogroup_255	2	10	10	10	1.0	0	364.0	377.0	352	368	16	0.5	377	378	1	0.0
orthogroup_255	3	10	10	10	1.0	0	385.0	396.0	385	386	1	0.0	396	397	1	0.0
orthogroup_255	4	10	10	10	1.0	0	403.0	421.0	403	403	0	0.0	417	421	4	0.0
orthogroup_255	8	10	10	10	1.0	0	518.5	536.5	518	520	2	0.5	536	537	1	0.5
orthogroup_255	10	10	10	10	1.0	0	577.5	596.5	576	578	2	0.5	593	597	4	0.5
orthogroup_255	12	10	10	10	1.0	0	620.0	643.0	619	622	3	0.5	641	645	4	2.0
orthogroup_269	1	10	10	10	1.0	0	36.0	50.0	35	37	2	0.0	49	51	2	0.5
orthogroup_269	2	10	10	10	1.0	0	60.0	78.0	60	61	1	0.0	77	80	3	1.0
orthogroup_269	3	10	10	10	1.0	0	87.0	102.0	87	88	1	0.0	101	104	3	1.0
orthogroup_274	1	10	10	10	1.0	0	8.0	27.0	8	8	0	0.0	27	27	0	0.0
orthogroup_274	2	10	10	10	1.0	0	60.0	79.0	59	60	1	0.0	78	80	2	0.0
orthogroup_274	3	10	10	10	1.0	0	91.0	108.0	91	92	1	0.0	108	109	1	0.0
orthogroup_274	4	10	10	10	1.0	0	121.5	140.0	121	123	2	0.5	140	141	1	0.0
orthogroup_274	5	10	10	10	1.0	0	164.5	183.0	163	166	3	0.5	182	183	1	0.0
orthogroup_274	6	10	10	10	1.0	0	218.0	241.0	218	220	2	0.0	240	241	1	0.0
orthogroup_274	7	10	10	10	1.0	0	252.0	269.0	251	252	1	0.0	268	271	3	0.0
orthogroup_274	8	10	10	10	1.0	0	281.0	302.0	281	282	1	0.0	301	302	1	0.0
orthogroup_276	1	10	10	10	1.0	0	29.0	49.0	28	30	2	0.0	48	51	3	0.5
orthogroup_276	2	10	10	10	1.0	0	70.0	92.0	70	70	0	0.0	91	92	1	0.0
orthogroup_276	3	10	10	10	1.0	0	109.0	126.0	108	109	1	0.0	125	126	1	0.0
orthogroup_276	4	10	10	10	1.0	0	155.0	176.0	154	156	2	0.0	176	176	0	0.0
orthogroup_276	5	10	10	10	1.0	0	197.0	217.0	197	197	0	0.0	217	218	1	0.0
orthogroup_276	6	10	10	10	1.0	0	245.0	265.0	242	246	4	0.0	265	265	0	0.0
orthogroup_276	7	10	10	10	1.0	0	282.0	298.0	282	282	0	0.0	298	301	3	0.0
orthogroup_276	8	10	10	10	1.0	0	314.0	334.0	313	314	1	0.0	334	336	2	0.0
orthogroup_276	9	10	10	10	1.0	0	348.0	367.0	348	349	1	0.0	366	367	1	0.0
orthogroup_276	10	10	10	10	1.0	0	383.0	402.0	383	383	0	0.0	401	403	2	0.5
orthogroup_276	11	10	10	10	1.0	0	420.5	437.0	420	421	1	0.5	437	438	1	0.0
orthogroup_276	12	10	10	10	1.0	0	464.0	485.0	461	465	4	0.0	484	485	1	0.0
orthogroup_276	13	10	10	10	1.0	0	558.0	575.0	558	559	1	0.0	574	576	2	0.0
orthogroup_276	14	10	10	10	1.0	0	586.0	603.0	586	588	2	0.0	602	604	2	0.0
orthogroup_277	1	10	10	10	1.0	0	30.5	47.5	30	31	1	0.5	47	48	1	0.5
orthogroup_277	2	10	10	10	1.0	0	71.0	88.0	70	72	2	1.0	87	88	1	0.0
orthogroup_277	3	10	10	10	1.0	0	101.0	117.0	100	101	1	0.0	117	117	0	0.0
orthogroup_277	4	10	10	10	1.0	0	146.0	165.0	145	146	1	0.0	165	165	0	0.0
orthogroup_277	5	10	10	10	1.0	0	181.0	201.0	181	181	0	0.0	201	201	0	0.0
orthogroup_278	1	10	10	10	1.0	0	31.0	48.0	31	31	0	0.0	47	48	1	0.0
orthogroup_278	2	10	10	10	1.0	0	60.0	77.0	59	61	2	0.0	77	79	2	0.0
orthogroup_278	3	10	10	10	1.0	0	92.0	109.0	91	93	2	0.0	107	109	2	0.0
orthogroup_279	1	10	10	10	1.0	0	14.5	32.5	14	17	3	0.5	30	36	6	0.5
orthogroup_279	2	10	10	10	1.0	0	51.5	65.0	49	52	3	0.5	64	65	1	0.0
orthogroup_279	3	10	10	10	1.0	0	80.0	98.0	80	81	1	0.0	97	100	3	1.0
orthogroup_279	4	10	10	10	1.0	0	123.0	146.0	119	123	4	0.0	143	146	3	0.0
orthogroup_279	5	10	10	10	1.0	0	155.0	175.0	155	158	3	0.0	173	175	2	0.0
orthogroup_279	6	10	10	10	1.0	0	188.0	207.0	188	190	2	0.0	207	208	1	0.0
orthogroup_279	7	10	10	10	1.0	0	263.0	283.0	262	264	2	0.0	283	284	1	0.0
orthogroup_288	1	10	10	10	1.0	0	11.0	27.0	10	13	3	0.0	27	27	0	0.0
orthogroup_288	2	10	10	10	1.0	0	37.0	59.0	34	37	3	0.0	59	63	4	0.0
orthogroup_288	3	10	10	10	1.0	0	78.0	87.0	61	79	18	0.5	76	88	12	0.5
orthogroup_288	4	10	10	10	1.0	0	89.0	104.0	89	90	1	0.0	103	105	2	0.0
orthogroup_288	5	10	10	10	1.0	0	133.0	143.0	128	133	5	0.0	143	143	0	0.0
orthogroup_288	6	10	10	10	1.0	0	153.0	170.0	153	153	0	0.0	170	170	0	0.0
orthogroup_288	7	10	10	10	1.0	0	222.0	240.5	214	222	8	0.0	239	243	4	1.5
orthogroup_288	8	10	10	10	1.0	0	247.0	259.0	247	248	1	0.0	259	262	3	0.0
orthogroup_288	9	10	10	10	1.0	0	269.0	284.0	269	270	1	0.0	283	284	1	0.0
orthogroup_288	10	10	10	10	1.0	0	298.0	317.0	298	298	0	0.0	316	317	1	0.0
orthogroup_288	11	10	10	10	1.0	0	330.0	349.0	329	332	3	0.0	349	349	0	0.0
orthogroup_288	12	10	10	10	1.0	0	382.0	402.0	379	385	6	0.5	399	404	5	0.5
orthogroup_299	1	10	10	10	1.0	0	7.0	25.0	7	7	0	0.0	25	25	0	0.0
orthogroup_299	2	10	10	10	1.0	0	56.0	72.0	56	56	0	0.0	71	72	1	0.0
orthogroup_299	3	10	10	10	1.0	0	83.0	98.0	83	83	0	0.0	98	98	0	0.0
orthogroup_299	4	10	10	10	1.0	0	116.0	130.0	116	116	0	0.0	130	132	2	0.0
orthogroup_299	5	10	10	10	1.0	0	157.0	171.0	156	158	2	0.0	171	172	1	0.0
orthogroup_299	6	10	10	10	1.0	0	181.0	193.5	181	183	2	0.0	193	195	2	0.5
orthogroup_299	7	10	10	10	1.0	0	206.5	220.5	206	207	1	0.5	220	221	1	0.5
orthogroup_299	8	10	10	10	1.0	0	234.0	248.0	234	234	0	0.0	248	248	0	0.0
orthogroup_299	9	10	10	10	1.0	0	254.0	272.0	254	254	0	0.0	272	272	0	0.0
orthogroup_299	10	10	10	10	1.0	0	304.0	319.0	304	305	1	0.0	319	321	2	0.0
orthogroup_301	1	10	9	9	0.9	0	15.0	29.0	15	15	0	0.0	29	29	0	0.0
orthogroup_301	2	10	10	10	1.0	0	53.5	67.5	53	54	1	0.5	67	68	1	0.5
orthogroup_301	3	10	10	10	1.0	0	78.0	92.0	78	79	1	0.0	92	92	0	0.0
orthogroup_301	4	10	10	10	1.0	0	121.0	130.0	120	121	1	0.0	130	130	0	0.0
orthogroup_301	5	10	10	10	1.0	0	148.0	163.0	148	151	3	0.0	163	163	0	0.0
orthogroup_301	6	10	10	10	1.0	0	169.0	183.0	169	169	0	0.0	183	183	0	0.0
orthogroup_301	7	10	10	10	1.0	0	189.0	206.0	189	189	0	0.0	205	206	1	0.0
orthogroup_301	8	10	10	10	1.0	0	280.0	294.0	280	282	2	0.0	294	296	2	0.0
orthogroup_301	9	10	10	10	1.0	0	311.0	328.0	311	311	0	0.0	328	328	0	0.0
orthogroup_301	10	10	10	10	1.0	0	349.0	360.5	349	350	1	0.0	360	361	1	0.5
orthogroup_305	1	10	10	10	1.0	0	9.0	24.0	7	9	2	0.0	23	26	3	0.0
orthogroup_305	2	10	10	10	1.0	0	34.0	52.5	33	34	1	0.0	51	53	2	0.5
orthogroup_305	3	10	10	10	1.0	0	63.0	77.0	63	63	0	0.0	77	77	0	0.0
orthogroup_305	4	10	10	10	1.0	0	86.0	107.0	86	86	0	0.0	106	107	1	0.0
orthogroup_305	5	10	10	10	1.0	0	134.0	148.0	133	134	1	0.0	147	148	1	0.0
orthogroup_315	1	10	10	10	1.0	0	30.0	47.0	30	30	0	0.0	47	47	0	0.0
orthogroup_315	2	10	10	10	1.0	0	85.0	101.0	85	86	1	0.0	99	101	2	0.0
orthogroup_315	3	10	10	10	1.0	0	111.0	129.0	110	111	1	0.0	128	131	3	1.0
orthogroup_315	4	10	10	10	1.0	0	151.0	167.0	151	153	2	0.0	167	167	0	0.0
orthogroup_318	1	10	10	10	1.0	0	21.5	38.0	21	22	1	0.5	38	38	0	0.0
orthogroup_318	2	10	10	10	1.0	0	47.0	63.0	47	48	1	0.0	63	64	1	0.0
orthogroup_318	3	10	10	10	1.0	0	71.0	82.5	70	72	2	0.5	82	83	1	0.5
orthogroup_318	4	10	10	10	1.0	0	96.0	113.0	95	96	1	0.0	112	113	1	0.0
orthogroup_318	5	10	10	10	1.0	0	129.0	145.0	129	131	2	0.0	142	145	3	0.0
orthogroup_318	6	10	10	10	1.0	0	164.0	183.0	164	166	2	0.0	180	183	3	0.0
orthogroup_318	7	10	10	10	1.0	0	187.0	204.5	187	187	0	0.0	203	206	3	1.0
orthogroup_318	8	10	10	10	1.0	0	243.0	262.0	242	243	1	0.0	260	263	3	0.0
orthogroup_318	9	10	10	10	1.0	0	282.0	295.0	279	283	4	0.5	291	295	4	0.0
orthogroup_318	10	10	9	9	0.9	0	297.0	306.0	293	297	4	0.0	305	307	2	0.0
orthogroup_318	12	10	10	10	1.0	0	347.0	361.0	347	348	1	0.0	358	361	3	0.0
orthogroup_318	13	10	10	10	1.0	0	382.0	392.5	381	384	3	0.5	391	394	3	0.5
orthogroup_318	14	10	10	10	1.0	0	408.0	422.0	405	408	3	0.0	419	422	3	0.0
orthogroup_329	1	10	10	10	1.0	0	56.0	72.0	49	56	7	0.0	72	74	2	0.0
orthogroup_329	2	10	10	10	1.0	0	79.0	97.0	78	79	1	0.0	97	97	0	0.0
orthogroup_329	3	10	10	10	1.0	0	241.0	258.0	239	241	2	0.0	258	259	1	0.0
orthogroup_329	4	10	10	10	1.0	0	272.0	286.0	271	272	1	0.0	284	290	6	0.0
orthogroup_329	5	10	10	10	1.0	0	704.0	724.0	704	704	0	0.0	724	724	0	0.0
orthogroup_329	6	10	10	10	1.0	0	733.0	750.0	731	733	2	0.0	750	750	0	0.0
orthogroup_329	7	10	10	10	1.0	0	778.0	795.5	777	779	2	0.0	795	798	3	0.5
orthogroup_329	8	10	10	10	1.0	0	811.0	827.0	809	812	3	0.0	827	828	1	0.0
orthogroup_329	9	10	10	10	1.0	0	844.0	861.0	840	844	4	0.0	861	866	5	0.0
orthogroup_329	10	10	10	10	1.0	0	879.0	895.0	877	879	2	0.0	893	896	3	1.0
orthogroup_377	1	10	9	9	0.9	0	62.0	91.0	61	62	1	0.0	90	91	1	0.0
orthogroup_377	2	10	9	9	0.9	0	108.0	122.0	108	109	1	0.0	121	122	1	0.0
orthogroup_377	3	10	10	10	1.0	0	200.0	225.0	196	207	11	0.0	224	225	1	0.0
orthogroup_377	4	10	10	10	1.0	0	236.0	249.0	235	236	1	0.0	249	253	4	0.0
orthogroup_379	1	10	10	10	1.0	0	41.0	58.0	41	41	0	0.0	56	59	3	0.0
orthogroup_379	2	10	10	10	1.0	0	94.0	116.5	90	97	7	0.5	115	118	3	1.0
orthogroup_379	3	10	10	10	1.0	0	152.0	173.0	152	152	0	0.0	172	173	1	0.0
orthogroup_379	4	10	10	10	1.0	0	198.0	215.0	194	198	4	0.0	215	216	1	0.0
orthogroup_380	1	10	10	10	1.0	0	11.0	25.0	9	12	3	0.0	24	25	1	0.0
orthogroup_380	2	10	10	10	1.0	0	31.0	49.0	30	31	1	0.0	47	49	2	0.0
orthogroup_380	3	10	10	10	1.0	0	62.0	76.0	62	63	1	0.0	76	79	3	0.0
orthogroup_380	4	10	10	10	1.0	0	108.0	125.0	107	110	3	0.0	125	125	0	0.0
orthogroup_380	5	10	10	10	1.0	0	192.0	209.0	189	192	3	0.0	206	209	3	0.0
orthogroup_380	6	10	10	10	1.0	0	226.0	247.0	225	228	3	0.0	247	248	1	0.0
orthogroup_380	7	10	10	10	1.0	0	277.0	291.0	276	277	1	0.0	291	291	0	0.0
orthogroup_380	8	10	10	10	1.0	0	296.0	310.0	294	297	3	0.5	309	311	2	0.5
orthogroup_386	1	10	10	10	1.0	0	8.0	23.0	8	8	0	0.0	23	24	1	0.0
orthogroup_386	2	10	10	10	1.0	0	29.0	45.0	29	29	0	0.0	45	45	0	0.0
orthogroup_386	3	10	10	10	1.0	0	55.0	70.0	55	56	1	0.0	69	71	2	1.0
orthogroup_386	4	10	10	10	1.0	0	86.0	100.0	85	87	2	0.0	98	100	2	0.0
orthogroup_386	5	10	10	10	1.0	0	112.0	129.0	112	112	0	0.0	129	129	0	0.0
orthogroup_386	6	10	10	10	1.0	0	142.0	160.0	141	142	1	0.0	160	160	0	0.0
orthogroup_386	7	10	10	10	1.0	0	179.0	196.0	178	179	1	0.0	196	199	3	0.0
orthogroup_386	8	10	10	10	1.0	0	206.0	226.0	206	207	1	0.0	226	229	3	0.0
orthogroup_386	9	10	10	10	1.0	0	248.0	265.0	247	248	1	0.0	263	265	2	0.0
orthogroup_407	1	10	10	10	1.0	0	27.0	45.0	25	28	3	0.0	44	45	1	0.0
orthogroup_407	2	10	10	10	1.0	0	66.0	81.0	50	68	18	0.5	79	82	3	1.0
orthogroup_407	3	10	10	10	1.0	0	92.0	109.0	91	94	3	0.5	107	109	2	0.0
orthogroup_407	4	10	10	10	1.0	0	170.0	186.0	169	170	1	0.0	186	186	0	0.0
orthogroup_414	1	10	10	10	1.0	0	8.0	25.0	7	8	1	0.0	24	25	1	0.0
orthogroup_414	2	10	10	10	1.0	0	45.0	60.0	44	45	1	0.0	60	62	2	0.0
orthogroup_414	3	10	10	10	1.0	0	78.0	95.0	78	78	0	0.0	95	95	0	0.0
orthogroup_414	4	10	10	10	1.0	0	102.0	120.0	102	102	0	0.0	120	120	0	0.0
orthogroup_414	5	10	10	10	1.0	0	134.0	153.0	133	135	2	0.0	152	153	1	0.0
orthogroup_414	6	10	10	10	1.0	0	166.0	185.0	165	167	2	1.0	185	185	0	0.0
orthogroup_453	1	10	10	10	1.0	0	13.0	30.0	13	14	1	0.0	29	30	1	0.0
orthogroup_453	2	10	10	10	1.0	0	40.0	58.0	39	41	2	0.0	58	58	0	0.0
orthogroup_453	3	10	10	10	1.0	0	83.0	99.0	81	83	2	0.0	98	99	1	0.0
orthogroup_453	4	10	10	10	1.0	0	108.0	122.0	107	108	1	0.0	122	123	1	0.0
orthogroup_453	5	10	10	10	1.0	0	137.0	151.0	134	137	3	0.0	150	152	2	1.0
orthogroup_453	6	10	10	10	1.0	0	158.5	173.0	158	159	1	0.5	173	173	0	0.0
orthogroup_453	7	10	10	10	1.0	0	185.0	201.5	183	186	3	1.0	200	202	2	0.5
orthogroup_453	8	10	10	10	1.0	0	222.0	238.0	221	222	1	0.0	237	238	1	0.0
orthogroup_453	9	10	10	10	1.0	0	249.0	265.0	249	249	0	0.0	264	266	2	0.5
orthogroup_453	10	10	10	10	1.0	0	275.5	290.0	275	277	2	0.5	289	292	3	1.0
orthogroup_478	1	10	10	10	1.0	0	11.0	28.0	8	11	3	0.0	28	29	1	0.0
orthogroup_478	3	10	10	10	1.0	0	77.0	94.5	77	78	1	0.0	94	98	4	0.5
orthogroup_478	4	10	10	10	1.0	0	112.0	129.0	111	112	1	0.0	129	129	0	0.0
orthogroup_478	5	10	10	10	1.0	0	155.0	170.0	154	156	2	0.0	169	171	2	1.0
orthogroup_478	6	10	10	10	1.0	0	177.0	195.5	176	178	2	1.0	193	196	3	0.5
orthogroup_479	1	10	10	10	1.0	0	16.5	34.5	15	18	3	0.5	33	35	2	0.5
orthogroup_479	2	10	10	10	1.0	0	46.0	69.0	45	47	2	0.0	68	69	1	0.0
orthogroup_479	3	10	10	10	1.0	0	76.0	97.0	75	76	1	0.0	96	98	2	0.5
orthogroup_479	4	10	10	10	1.0	0	108.0	127.0	108	109	1	0.0	127	128	1	0.0
orthogroup_479	5	10	10	10	1.0	0	135.0	154.0	134	135	1	0.0	152	155	3	0.0
orthogroup_479	6	10	10	10	1.0	0	172.0	190.0	169	172	3	0.0	187	190	3	0.0
orthogroup_480	1	10	10	10	1.0	0	46.0	59.0	45	47	2	0.5	59	60	1	0.0
orthogroup_480	2	10	10	10	1.0	0	107.0	122.5	107	108	1	0.0	122	123	1	0.5
orthogroup_480	3	10	10	10	1.0	0	139.0	153.0	139	140	1	0.0	153	154	1	0.0
orthogroup_481	1	10	10	10	1.0	0	45.0	62.0	44	46	2	1.0	61	62	1	0.0
orthogroup_481	2	10	10	10	1.0	0	96.0	113.0	90	96	6	0.0	111	113	2	0.0
orthogroup_481	3	10	10	10	1.0	0	126.0	140.0	125	127	2	0.0	140	143	3	0.0
orthogroup_481	4	10	10	10	1.0	0	194.5	212.5	192	195	3	0.5	212	214	2	0.5
orthogroup_511	1	10	10	10	1.0	0	42.0	58.0	40	44	4	0.0	57	59	2	0.5
orthogroup_511	2	10	10	10	1.0	0	78.0	95.0	78	78	0	0.0	95	96	1	0.0
orthogroup_511	3	10	10	10	1.0	0	121.0	143.0	120	123	3	1.0	142	145	3	0.0
orthogroup_511	4	10	10	10	1.0	0	147.0	160.0	147	148	1	0.0	159	162	3	1.0
orthogroup_511	5	10	10	10	1.0	0	166.0	182.0	166	167	1	0.0	182	183	1	0.0
orthogroup_511	6	10	10	10	1.0	0	189.0	204.0	189	189	0	0.0	203	205	2	0.0
orthogroup_516	1	10	10	10	1.0	0	7.0	27.0	7	10	3	0.0	26	30	4	0.0
orthogroup_516	2	10	10	10	1.0	0	50.0	67.0	47	50	3	0.0	66	67	1	0.0
orthogroup_516	3	10	10	10	1.0	0	83.0	100.5	83	83	0	0.0	100	101	1	0.5
orthogroup_516	4	10	10	10	1.0	0	109.0	124.0	109	109	0	0.0	123	124	1	0.0
orthogroup_516	5	10	10	10	1.0	0	147.0	164.0	147	147	0	0.0	163	164	1	0.0
orthogroup_516	6	10	10	10	1.0	0	185.0	202.0	184	186	2	0.5	201	205	4	1.0
orthogroup_516	7	10	10	10	1.0	0	270.0	288.0	270	271	1	0.0	288	291	3	0.0
orthogroup_516	8	10	10	10	1.0	0	317.0	333.0	316	318	2	1.0	332	333	1	0.0
orthogroup_516	9	10	10	10	1.0	0	350.0	367.0	350	351	1	0.0	367	367	0	0.0
orthogroup_516	10	10	10	10	1.0	0	381.0	398.0	381	382	1	0.0	397	398	1	0.0
orthogroup_517	1	10	10	10	1.0	0	75.0	90.0	75	76	1	0.0	90	91	1	0.0
orthogroup_517	2	10	10	10	1.0	0	137.0	154.0	136	137	1	0.0	154	154	0	0.0
orthogroup_517	3	10	10	10	1.0	0	228.0	245.0	228	228	0	0.0	245	245	0	0.0
orthogroup_517	4	10	10	10	1.0	0	485.0	502.0	485	485	0	0.0	502	502	0	0.0
orthogroup_520	1	10	10	10	1.0	0	7.0	22.0	4	7	3	0.0	21	23	2	0.0
orthogroup_520	4	10	10	10	1.0	0	125.0	138.0	125	126	1	0.0	137	139	2	1.0
orthogroup_520	5	10	10	10	1.0	0	154.5	171.0	154	155	1	0.5	171	171	0	0.0
orthogroup_521	1	10	10	10	1.0	0	2.0	16.0	2	5	3	0.0	14	16	2	0.0
orthogroup_521	2	10	10	10	1.0	0	30.0	52.0	27	38	11	0.5	51	55	4	0.5
orthogroup_521	5	10	9	9	0.9	0	139.0	151.0	138	139	1	0.0	151	153	2	0.0
orthogroup_521	6	10	10	10	1.0	0	166.0	183.0	166	167	1	0.0	183	184	1	0.0
orthogroup_529	1	10	10	10	1.0	0	291.0	313.0	291	291	0	0.0	312	313	1	0.0
orthogroup_529	2	10	10	10	1.0	0	339.0	353.0	339	339	0	0.0	353	353	0	0.0
orthogroup_529	3	10	10	10	1.0	0	362.0	376.0	362	363	1	0.0	376	378	2	0.0
orthogroup_529	4	10	10	10	1.0	0	388.0	400.0	388	388	0	0.0	399	400	1	0.0
orthogroup_529	5	10	10	10	1.0	0	411.0	425.0	411	411	0	0.0	423	425	2	0.0
orthogroup_529	6	10	10	10	1.0	0	428.0	442.0	428	428	0	0.0	442	442	0	0.0
orthogroup_539	1	10	10	10	1.0	0	25.0	42.0	25	26	1	0.0	40	42	2	0.0
orthogroup_539	2	10	10	10	1.0	0	88.0	102.0	87	90	3	0.5	99	102	3	0.0
orthogroup_539	3	10	10	10	1.0	0	104.0	121.0	101	104	3	0.0	120	121	1	0.0
orthogroup_539	4	10	10	10	1.0	0	137.0	159.0	134	137	3	0.0	157	162	5	1.0
orthogroup_539	5	10	10	10	1.0	0	187.0	208.0	187	188	1	0.0	208	211	3	0.0
orthogroup_544	1	10	10	10	1.0	0	9.0	26.0	9	9	0	0.0	26	26	0	0.0
orthogroup_544	2	10	10	10	1.0	0	32.0	43.0	32	32	0	0.0	43	43	0	0.0
orthogroup_544	3	10	10	10	1.0	0	50.0	74.0	50	50	0	0.0	74	74	0	0.0
orthogroup_544	4	10	10	10	1.0	0	79.0	92.5	78	79	1	0.0	92	93	1	0.5
orthogroup_544	5	10	10	10	1.0	0	101.0	114.0	101	101	0	0.0	114	114	0	0.0
orthogroup_544	6	10	10	10	1.0	0	120.0	142.0	119	121	2	0.0	141	142	1	0.0
orthogroup_573	1	10	10	10	1.0	0	10.0	23.0	9	13	4	0.0	22	24	2	0.0
orthogroup_573	2	10	10	10	1.0	0	38.5	61.0	37	40	3	1.5	50	61	11	0.0
orthogroup_573	3	10	10	10	1.0	0	77.0	91.0	77	81	4	0.0	91	91	0	0.0
orthogroup_573	4	10	10	10	1.0	0	106.0	119.0	106	106	0	0.0	119	119	0	0.0
orthogroup_579	1	10	10	10	1.0	0	30.0	47.0	27	30	3	0.0	47	47	0	0.0
orthogroup_579	2	10	10	10	1.0	0	79.0	99.0	78	79	1	0.0	99	99	0	0.0
orthogroup_579	3	10	10	10	1.0	0	107.0	124.0	106	107	1	0.0	123	126	3	0.0
orthogroup_579	4	10	10	10	1.0	0	141.0	159.0	141	141	0	0.0	159	159	0	0.0
orthogroup_593	1	10	10	10	1.0	0	12.0	28.0	12	12	0	0.0	27	28	1	0.0
orthogroup_593	2	10	10	10	1.0	0	34.0	50.0	34	35	1	0.0	49	51	2	1.0
orthogroup_593	3	10	10	10	1.0	0	59.0	75.0	58	61	3	0.0	74	78	4	0.0
orthogroup_600	1	10	10	10	1.0	0	21.0	41.0	21	22	1	0.0	41	44	3	0.0
orthogroup_600	2	10	10	10	1.0	0	55.0	75.0	54	55	1	0.0	73	76	3	0.5
orthogroup_600	3	10	10	10	1.0	0	83.0	100.0	82	84	2	0.0	100	102	2	0.0
orthogroup_600	4	10	10	10	1.0	0	111.0	129.0	109	112	3	0.5	128	129	1	0.0
orthogroup_600	5	10	10	10	1.0	0	144.0	164.0	144	147	3	0.0	163	167	4	0.0
orthogroup_600	6	10	10	10	1.0	0	177.0	194.0	176	178	2	0.5	194	195	1	0.0
orthogroup_600	7	10	10	10	1.0	0	224.0	244.5	222	225	3	0.0	244	246	2	0.5
orthogroup_600	8	10	10	10	1.0	0	257.0	275.5	257	257	0	0.0	275	277	2	0.5
orthogroup_600	9	10	10	10	1.0	0	286.0	303.0	286	286	0	0.0	303	303	0	0.0
orthogroup_600	10	10	10	10	1.0	0	309.0	331.0	309	309	0	0.0	330	332	2	0.0
orthogroup_600	11	10	10	10	1.0	0	351.0	371.0	350	351	1	0.0	371	372	1	0.0
orthogroup_600	12	10	10	10	1.0	0	381.0	399.0	380	381	1	0.0	398	399	1	0.0
orthogroup_617	1	10	10	10	1.0	0	39.5	54.5	39	41	2	0.5	53	55	2	0.5
orthogroup_617	2	10	10	10	1.0	0	63.0	83.0	62	64	2	0.0	80	83	3	0.0
orthogroup_617	3	10	10	10	1.0	0	105.0	124.5	105	107	2	0.0	122	125	3	0.5
orthogroup_619	1	10	9	9	0.9	0	24.0	41.0	23	37	14	0.0	39	46	7	0.0
orthogroup_619	2	10	10	10	1.0	0	291.0	309.0	290	291	1	0.0	309	310	1	0.0
orthogroup_619	3	10	10	10	1.0	0	323.0	342.0	322	325	3	0.5	340	343	3	0.5
orthogroup_619	4	10	10	10	1.0	0	353.0	367.0	351	354	3	0.0	367	368	1	0.0
orthogroup_619	5	10	10	10	1.0	0	372.0	388.0	372	372	0	0.0	388	389	1	0.0
orthogroup_619	6	10	10	10	1.0	0	401.0	417.0	400	401	1	0.0	416	417	1	0.0
orthogroup_619	7	10	10	10	1.0	0	428.0	448.0	428	428	0	0.0	448	448	0	0.0
orthogroup_619	8	10	10	10	1.0	0	459.5	484.0	459	460	1	0.5	483	484	1	0.0
orthogroup_636	1	10	10	10	1.0	0	8.0	22.0	6	9	3	0.0	20	24	4	0.5
orthogroup_636	2	10	10	10	1.0	0	28.0	43.0	26	29	3	0.0	41	47	6	1.0
orthogroup_636	3	10	10	10	1.0	0	53.5	70.5	53	55	2	0.5	68	76	8	0.5
orthogroup_636	4	10	10	10	1.0	0	264.0	278.0	257	265	8	0.0	277	279	2	0.0
orthogroup_636	5	10	10	10	1.0	0	288.0	303.0	287	288	1	0.0	302	303	1	0.0
orthogroup_636	6	10	10	10	1.0	0	309.5	322.0	309	310	1	0.5	322	323	1	0.0
orthogroup_636	7	10	10	10	1.0	0	335.0	349.0	335	336	1	0.0	348	353	5	1.0
orthogroup_636	8	10	10	10	1.0	0	357.0	371.0	357	357	0	0.0	371	371	0	0.0
orthogroup_636	9	10	10	10	1.0	0	384.0	401.0	383	385	2	1.0	401	402	1	0.0
orthogroup_636	10	10	10	10	1.0	0	410.5	436.0	410	412	2	0.5	435	437	2	0.0
orthogroup_636	11	10	10	10	1.0	0	447.0	470.0	444	450	6	0.5	463	470	7	0.0
orthogroup_636	12	10	10	10	1.0	0	485.0	499.0	485	485	0	0.0	499	499	0	0.0
orthogroup_636	13	10	10	10	1.0	0	511.0	528.0	508	512	4	0.0	525	528	3	0.0
orthogroup_657	1	10	10	10	1.0	0	11.0	28.5	11	15	4	0.0	28	42	14	0.5
orthogroup_657	2	10	10	10	1.0	0	37.0	66.0	37	44	7	0.0	62	66	4	0.0
orthogroup_657	3	10	10	10	1.0	0	77.0	99.0	75	78	3	0.0	95	100	5	0.0
orthogroup_657	4	10	10	10	1.0	0	160.0	181.5	160	163	3	0.0	181	192	11	0.5
orthogroup_657	5	10	10	10	1.0	0	218.0	239.0	214	219	5	0.5	236	239	3	0.0
orthogroup_657	6	10	10	10	1.0	0	244.0	258.0	244	245	1	0.0	258	261	3	0.0
orthogroup_657	7	10	10	10	1.0	0	260.0	273.0	260	263	3	0.0	272	274	2	0.0
orthogroup_657	8	10	10	10	1.0	0	283.0	301.0	282	283	1	0.0	301	305	4	0.0
orthogroup_657	9	10	10	10	1.0	0	312.0	327.0	312	313	1	0.0	324	327	3	0.0
orthogroup_657	10	10	10	10	1.0	0	330.0	346.0	330	330	0	0.0	344	350	6	0.0
orthogroup_672	1	10	10	10	1.0	0	31.0	48.0	29	31	2	0.0	46	49	3	0.0
orthogroup_672	2	10	10	10	1.0	0	65.0	80.0	65	67	2	0.0	79	81	2	0.0
orthogroup_672	3	10	10	10	1.0	0	108.0	125.0	108	109	1	0.0	125	125	0	0.0
orthogroup_672	4	10	10	10	1.0	0	142.0	160.0	142	142	0	0.0	160	161	1	0.0
orthogroup_672	5	10	10	10	1.0	0	173.0	190.0	173	173	0	0.0	190	190	0	0.0
orthogroup_672	6	10	10	10	1.0	0	203.0	223.0	202	203	1	0.0	222	224	2	1.0
orthogroup_672	7	10	10	10	1.0	0	255.0	272.0	254	255	1	0.0	272	274	2	0.0
orthogroup_672	8	10	10	10	1.0	0	297.0	319.0	297	297	0	0.0	319	319	0	0.0
orthogroup_672	9	10	10	10	1.0	0	344.0	360.0	343	344	1	0.0	360	360	0	0.0
orthogroup_672	10	10	10	10	1.0	0	377.0	397.0	376	377	1	0.0	397	397	0	0.0
orthogroup_672	11	10	10	10	1.0	0	406.0	426.0	406	407	1	0.0	425	426	1	0.0
orthogroup_672	12	10	10	10	1.0	0	434.0	450.0	433	434	1	0.0	450	452	2	0.0
orthogroup_672	13	10	10	10	1.0	0	468.0	485.0	468	468	0	0.0	485	489	4	0.0
orthogroup_672	14	10	10	10	1.0	0	497.0	516.0	497	498	1	0.0	515	516	1	0.0
orthogroup_673	1	10	10	10	1.0	0	33.0	53.0	33	33	0	0.0	53	54	1	0.0
orthogroup_673	2	10	10	10	1.0	0	64.5	84.0	64	66	2	0.5	84	85	1	0.0
orthogroup_673	3	10	10	10	1.0	0	93.0	110.0	92	93	1	0.0	110	112	2	0.0
orthogroup_673	4	10	10	10	1.0	0	123.0	140.0	121	123	2	0.0	140	141	1	0.0
orthogroup_684	1	10	10	10	1.0	0	12.0	26.0	11	13	2	0.5	26	27	1	0.0
orthogroup_684	2	10	10	10	1.0	0	31.5	50.5	31	33	2	0.5	50	51	1	0.5
orthogroup_684	3	10	10	10	1.0	0	84.0	101.0	84	85	1	0.0	101	102	1	0.0
orthogroup_684	4	10	10	10	1.0	0	118.0	136.0	118	119	1	0.0	132	136	4	0.0
orthogroup_684	5	10	10	10	1.0	0	159.0	176.0	159	159	0	0.0	176	176	0	0.0
orthogroup_684	6	10	10	10	1.0	0	183.0	197.0	182	183	1	0.0	197	197	0	0.0
orthogroup_688	1	10	10	10	1.0	0	9.0	29.0	9	12	3	0.0	27	30	3	0.0
orthogroup_688	2	10	10	10	1.0	0	39.0	53.0	38	40	2	0.0	53	54	1	0.0
orthogroup_688	3	10	10	10	1.0	0	62.0	79.0	58	62	4	0.0	78	79	1	0.0
orthogroup_688	4	10	10	10	1.0	0	82.0	96.0	81	82	1	0.0	96	97	1	0.0
orthogroup_688	5	10	10	10	1.0	0	108.0	129.0	108	109	1	0.0	128	131	3	0.5
orthogroup_688	6	10	10	10	1.0	0	143.0	165.0	142	143	1	0.0	165	167	2	0.0
orthogroup_692	1	10	10	10	1.0	0	6.0	24.0	4	7	3	1.0	21	24	3	0.0
orthogroup_692	2	10	10	10	1.0	0	75.0	91.0	74	75	1	0.0	91	92	1	0.0
orthogroup_692	3	10	10	10	1.0	0	101.0	115.0	101	102	1	0.0	115	116	1	0.0
orthogroup_692	4	10	10	10	1.0	0	126.0	141.0	124	126	2	0.0	140	143	3	1.0
orthogroup_692	5	10	10	10	1.0	0	149.0	168.0	148	150	2	0.0	166	169	3	0.0
orthogroup_692	6	10	10	10	1.0	0	176.0	188.5	176	177	1	0.0	188	189	1	0.5
orthogroup_692	7	10	10	10	1.0	0	191.0	210.0	190	192	2	0.0	208	213	5	1.0
orthogroup_692	8	10	10	10	1.0	0	224.0	238.0	223	224	1	0.0	237	240	3	0.0
orthogroup_700	1	10	10	10	1.0	0	9.0	26.0	9	12	3	0.0	26	26	0	0.0
orthogroup_700	2	10	10	10	1.0	0	39.0	56.0	38	39	1	0.0	55	56	1	0.0
orthogroup_700	3	10	10	10	1.0	0	72.0	87.0	70	73	3	0.0	87	88	1	0.0
orthogroup_700	4	10	10	10	1.0	0	96.0	110.0	96	96	0	0.0	110	110	0	0.0
orthogroup_700	5	10	10	10	1.0	0	134.0	156.0	133	134	1	0.0	155	156	1	0.0
orthogroup_700	6	10	10	10	1.0	0	185.0	205.0	184	185	1	0.0	204	205	1	0.0
orthogroup_700	7	10	10	10	1.0	0	219.5	237.5	219	220	1	0.5	237	239	2	0.5
orthogroup_700	8	10	10	10	1.0	0	248.0	265.0	248	250	2	0.0	265	266	1	0.0
orthogroup_722	1	10	10	10	1.0	0	12.0	32.0	9	12	3	0.0	32	34	2	0.0
orthogroup_722	2	10	10	10	1.0	0	56.0	78.0	54	57	3	0.5	78	79	1	0.0
orthogroup_722	3	10	10	10	1.0	0	95.0	115.0	95	98	3	0.0	115	117	2	0.0
orthogroup_722	4	10	10	10	1.0	0	142.0	166.0	141	142	1	0.0	165	170	5	0.5
orthogroup_722	5	10	10	10	1.0	0	180.0	199.0	176	180	4	0.0	197	200	3	1.0
orthogroup_732	1	10	10	10	1.0	0	2.0	19.0	2	2	0	0.0	18	19	1	0.0
orthogroup_732	2	10	10	10	1.0	0	23.0	41.0	23	27	4	0.0	40	43	3	1.0
orthogroup_732	3	10	10	10	1.0	0	83.0	101.5	79	83	4	0.0	100	104	4	1.5
orthogroup_732	4	10	10	10	1.0	0	115.0	139.0	115	118	3	0.0	139	140	1	0.0
orthogroup_738	2	10	10	10	1.0	0	36.0	53.0	35	36	1	0.0	49	57	8	1.5
orthogroup_738	3	10	10	10	1.0	0	87.0	108.0	87	88	1	0.0	107	108	1	0.0
orthogroup_738	4	10	10	10	1.0	0	114.0	131.0	114	115	1	0.0	131	133	2	0.0
orthogroup_738	5	10	10	10	1.0	0	163.0	183.0	159	166	7	1.5	183	186	3	0.0
orthogroup_738	6	10	10	10	1.0	0	195.0	211.0	194	195	1	0.0	209	212	3	1.0
orthogroup_738	7	10	10	10	1.0	0	220.0	236.0	219	220	1	0.0	236	236	0	0.0
orthogroup_738	8	10	10	10	1.0	0	272.0	289.0	272	273	1	0.0	286	292	6	1.0
orthogroup_738	9	10	10	10	1.0	0	298.0	313.5	295	298	3	0.0	312	314	2	0.5
orthogroup_738	10	10	10	10	1.0	0	346.0	361.0	345	348	3	1.0	361	363	2	0.0
orthogroup_738	11	10	10	10	1.0	0	381.0	398.0	380	382	2	0.5	397	399	2	0.0
orthogroup_738	12	10	10	10	1.0	0	488.0	512.0	487	489	2	0.0	511	512	1	0.0
orthogroup_738	13	10	10	10	1.0	0	533.0	550.0	522	537	15	2.0	542	552	10	1.0
orthogroup_738	14	10	10	10	1.0	0	563.0	584.0	562	564	2	0.0	583	585	2	1.0
orthogroup_738	16	10	10	10	1.0	0	663.0	684.0	663	666	3	0.0	680	688	8	0.5
orthogroup_749	1	10	10	10	1.0	0	21.0	37.5	18	21	3	0.0	37	38	1	0.5
orthogroup_749	2	10	10	10	1.0	0	49.0	71.0	48	50	2	0.5	71	72	1	0.0
orthogroup_749	3	10	10	10	1.0	0	80.0	97.0	80	80	0	0.0	94	98	4	0.0
orthogroup_749	4	10	10	10	1.0	0	147.0	167.0	147	148	1	0.0	167	168	1	0.0
orthogroup_749	5	10	10	10	1.0	0	175.0	196.0	175	175	0	0.0	193	196	3	0.0
orthogroup_749	6	10	10	10	1.0	0	209.0	222.0	208	210	2	0.0	222	224	2	0.0
orthogroup_757	1	10	10	10	1.0	0	13.0	33.0	12	16	4	0.0	30	33	3	0.0
orthogroup_757	2	10	10	10	1.0	0	36.0	55.0	32	36	4	0.0	50	57	7	2.0
orthogroup_757	3	10	10	10	1.0	0	66.0	90.0	66	66	0	0.0	88	91	3	1.0
orthogroup_757	4	10	10	10	1.0	0	179.0	194.0	179	179	0	0.0	193	194	1	0.0
orthogroup_757	5	10	10	10	1.0	0	229.5	249.0	226	230	4	0.5	249	250	1	0.0
orthogroup_757	6	10	10	10	1.0	0	258.5	270.0	258	259	1	0.5	270	270	0	0.0
orthogroup_757	7	10	10	10	1.0	0	272.0	286.0	272	272	0	0.0	285	287	2	0.5
orthogroup_757	8	10	10	10	1.0	0	294.0	312.0	294	295	1	0.0	312	313	1	0.0
orthogroup_757	9	10	10	10	1.0	0	326.0	338.0	325	327	2	0.5	338	338	0	0.0
orthogroup_757	10	10	10	10	1.0	0	340.0	357.0	340	340	0	0.0	357	358	1	0.0
orthogroup_764	1	10	10	10	1.0	0	38.0	59.0	38	38	0	0.0	59	60	1	0.0
orthogroup_764	2	10	10	10	1.0	0	70.0	98.0	69	73	4	0.0	94	98	4	0.0
orthogroup_764	3	10	10	10	1.0	0	107.5	128.5	106	109	3	1.5	126	129	3	0.5
orthogroup_767	1	10	10	10	1.0	0	4.0	20.0	4	5	1	0.0	18	22	4	1.0
orthogroup_767	2	10	10	10	1.0	0	38.5	56.0	38	41	3	0.5	55	57	2	0.0
orthogroup_767	3	10	10	10	1.0	0	66.0	83.0	66	66	0	0.0	83	84	1	0.0
orthogroup_795	1	10	10	10	1.0	0	11.0	28.0	10	11	1	0.0	28	30	2	0.0
orthogroup_795	2	10	10	10	1.0	0	45.5	65.5	43	47	4	0.5	65	66	1	0.5
orthogroup_795	3	10	10	10	1.0	0	90.0	111.0	89	90	1	0.0	111	111	0	0.0
orthogroup_795	4	10	10	10	1.0	0	134.0	150.0	132	134	2	0.0	150	154	4	0.0
orthogroup_795	5	10	10	10	1.0	0	164.0	181.0	161	164	3	0.0	181	181	0	0.0
orthogroup_795	6	10	10	10	1.0	0	198.0	218.5	197	199	2	0.0	216	219	3	0.5
orthogroup_795	7	10	10	10	1.0	0	253.0	270.0	253	253	0	0.0	269	273	4	0.5
orthogroup_795	8	10	10	10	1.0	0	295.0	317.0	294	296	2	0.5	317	318	1	0.0
orthogroup_795	9	10	10	10	1.0	0	342.0	358.0	341	344	3	1.0	358	362	4	0.0
orthogroup_795	10	10	10	10	1.0	0	380.0	398.0	378	381	3	0.0	397	400	3	0.5
orthogroup_795	11	10	10	10	1.0	0	409.0	428.0	408	410	2	0.0	427	429	2	0.0
orthogroup_795	12	10	10	10	1.0	0	435.0	453.0	435	436	1	0.0	452	454	2	1.0
orthogroup_795	13	10	10	10	1.0	0	471.0	491.0	467	471	4	0.0	488	491	3	0.0
orthogroup_795	14	10	10	10	1.0	0	506.0	524.0	506	507	1	0.0	523	524	1	0.0
orthogroup_812	1	10	10	10	1.0	0	38.5	56.0	36	39	3	0.5	54	56	2	0.0
orthogroup_812	2	10	10	10	1.0	0	76.5	95.0	76	77	1	0.5	95	95	0	0.0
orthogroup_812	3	10	10	10	1.0	0	106.0	123.0	105	106	1	0.0	122	124	2	0.0
orthogroup_812	4	10	10	10	1.0	0	129.0	147.0	129	130	1	0.0	147	148	1	0.0
orthogroup_812	5	10	10	10	1.0	0	166.0	183.0	166	167	1	0.0	183	186	3	0.0
orthogroup_812	6	10	10	10	1.0	0	193.0	210.0	192	194	2	0.0	210	211	1	0.0
orthogroup_812	7	10	10	10	1.0	0	249.0	266.0	247	250	3	0.0	264	266	2	0.0
orthogroup_812	8	10	10	10	1.0	0	288.0	307.0	288	288	0	0.0	305	308	3	0.0
orthogroup_812	9	10	10	10	1.0	0	316.0	333.0	316	317	1	0.0	333	334	1	0.0
orthogroup_812	10	10	10	10	1.0	0	339.0	359.0	339	340	1	0.0	359	359	0	0.0
orthogroup_812	11	10	10	10	1.0	0	375.0	394.0	374	376	2	0.0	393	396	3	0.0
orthogroup_812	12	10	10	10	1.0	0	405.0	420.0	403	405	2	0.0	419	425	6	1.0
orthogroup_816	1	10	10	10	1.0	0	10.0	28.0	10	11	1	0.0	28	31	3	0.0
orthogroup_816	2	10	10	10	1.0	0	35.0	51.0	35	36	1	0.0	49	52	3	0.5
orthogroup_816	3	10	10	10	1.0	0	79.0	97.0	76	80	4	0.5	97	97	0	0.0
orthogroup_840	1	10	10	10	1.0	0	19.0	43.0	18	25	7	0.5	43	44	1	0.0
orthogroup_840	2	10	10	10	1.0	0	60.0	81.0	60	60	0	0.0	81	81	0	0.0
orthogroup_840	3	10	10	10	1.0	0	96.0	114.0	96	96	0	0.0	113	114	1	0.0
orthogroup_840	4	10	10	10	1.0	0	150.0	170.0	148	151	3	0.0	169	172	3	0.0
orthogroup_840	5	10	10	10	1.0	0	195.0	216.0	195	195	0	0.0	216	216	0	0.0
orthogroup_850	1	10	10	10	1.0	0	11.0	27.0	10	11	1	0.0	25	30	5	1.5
orthogroup_850	2	10	10	10	1.0	0	36.0	50.0	34	37	3	1.0	49	51	2	1.0
orthogroup_850	3	10	10	10	1.0	0	57.0	73.5	57	58	1	0.0	71	75	4	1.5
orthogroup_850	4	10	10	10	1.0	0	81.0	95.0	79	81	2	0.0	90	97	7	1.0
orthogroup_852	1	10	10	10	1.0	0	12.0	29.0	11	13	2	0.5	28	30	2	0.0
orthogroup_852	2	10	10	10	1.0	0	40.0	60.0	40	42	2	0.0	60	60	0	0.0
orthogroup_852	3	10	10	10	1.0	0	67.0	84.0	67	67	0	0.0	83	84	1	0.0
orthogroup_852	4	10	10	10	1.0	0	121.0	136.5	121	122	1	0.0	136	138	2	0.5
orthogroup_853	1	10	10	10	1.0	0	164.0	181.0	164	167	3	0.0	181	182	1	0.0
orthogroup_853	2	10	10	10	1.0	0	202.0	216.0	202	202	0	0.0	216	220	4	0.0
orthogroup_853	3	10	10	10	1.0	0	234.0	250.0	233	234	1	0.0	250	250	0	0.0
orthogroup_853	4	10	10	10	1.0	0	268.5	283.0	268	269	1	0.5	282	283	1	0.0
orthogroup_853	5	10	10	10	1.0	0	416.5	438.0	416	419	3	0.5	437	439	2	0.0
orthogroup_853	6	10	10	10	1.0	0	454.0	470.0	454	454	0	0.0	469	471	2	0.0
orthogroup_853	7	10	10	10	1.0	0	758.0	779.0	756	759	3	0.5	778	779	1	0.0
orthogroup_853	8	10	10	10	1.0	0	786.0	803.0	786	786	0	0.0	802	803	1	0.0
orthogroup_886	1	10	10	10	1.0	0	24.0	40.0	21	24	3	0.0	40	41	1	0.0
orthogroup_886	2	10	10	10	1.0	0	54.0	74.0	53	54	1	0.0	73	74	1	0.0
orthogroup_886	3	10	10	10	1.0	0	98.0	112.0	96	98	2	0.0	112	113	1	0.0
orthogroup_886	4	10	10	10	1.0	0	124.0	141.0	121	124	3	0.0	141	142	1	0.0
orthogroup_886	5	10	10	10	1.0	0	184.0	201.0	183	184	1	0.0	201	202	1	0.0
orthogroup_886	6	10	10	10	1.0	0	210.0	227.0	210	210	0	0.0	227	227	0	0.0
orthogroup_886	7	10	10	10	1.0	0	242.0	260.0	240	245	5	1.0	260	261	1	0.0
orthogroup_890	1	10	10	10	1.0	0	6.0	21.5	6	6	0	0.0	20	23	3	1.5
orthogroup_890	2	10	10	10	1.0	0	40.0	65.0	40	41	1	0.0	57	68	11	0.0
orthogroup_890	3	10	10	10	1.0	0	67.0	90.5	66	70	4	0.0	88	91	3	0.5
orthogroup_890	4	10	10	10	1.0	0	101.0	121.5	101	101	0	0.0	118	122	4	0.5
orthogroup_893	1	10	10	10	1.0	0	17.0	36.0	15	18	3	0.5	34	36	2	0.0
orthogroup_893	2	10	10	10	1.0	0	60.0	77.0	57	61	4	0.0	76	77	1	0.0
orthogroup_893	3	10	10	10	1.0	0	85.0	99.0	85	86	1	0.0	98	100	2	0.0
orthogroup_893	4	10	10	10	1.0	0	107.0	121.0	105	108	3	0.5	117	121	4	0.0
orthogroup_893	5	10	10	10	1.0	0	145.5	162.0	144	147	3	0.5	161	162	1	0.0
orthogroup_893	6	10	10	10	1.0	0	190.0	199.0	189	190	1	0.0	198	199	1	0.0
orthogroup_893	7	10	10	10	1.0	0	223.0	232.0	222	224	2	0.0	232	233	1	0.0
orthogroup_893	8	10	10	10	1.0	0	249.0	266.0	249	250	1	0.0	266	267	1	0.0
orthogroup_893	9	10	10	10	1.0	0	273.0	293.0	272	274	2	0.0	292	296	4	0.0
orthogroup_895	1	10	10	10	1.0	0	22.0	45.0	22	23	1	0.0	44	45	1	0.0
orthogroup_895	2	10	10	10	1.0	0	174.0	194.0	173	174	1	0.0	193	194	1	0.0
orthogroup_895	3	10	10	10	1.0	0	223.0	248.0	223	226	3	0.0	244	248	4	0.0
orthogroup_895	4	10	10	10	1.0	0	268.0	290.0	267	269	2	0.0	290	291	1	0.0
orthogroup_908	1	10	10	10	1.0	0	24.0	38.0	23	24	1	0.0	37	38	1	0.0
orthogroup_908	2	10	10	10	1.0	0	53.0	69.0	53	53	0	0.0	69	69	0	0.0
orthogroup_908	3	10	10	10	1.0	0	79.0	91.0	79	80	1	0.0	91	91	0	0.0
orthogroup_908	4	10	10	10	1.0	0	102.0	122.0	102	103	1	0.0	121	122	1	0.0
orthogroup_908	5	10	10	10	1.0	0	130.0	144.0	130	130	0	0.0	144	144	0	0.0
orthogroup_908	6	10	10	10	1.0	0	175.0	192.0	175	176	1	0.0	191	192	1	0.0
orthogroup_908	7	10	10	10	1.0	0	224.0	241.0	224	224	0	0.0	241	241	0	0.0
orthogroup_908	8	10	10	10	1.0	0	256.5	266.0	256	257	1	0.5	266	266	0	0.0
orthogroup_908	9	10	10	10	1.0	0	278.0	295.0	278	278	0	0.0	295	295	0	0.0
orthogroup_908	10	10	10	10	1.0	0	303.0	315.0	303	303	0	0.0	315	317	2	0.0
orthogroup_924	1	10	10	10	1.0	0	23.0	42.0	22	26	4	1.0	41	43	2	0.0
orthogroup_924	2	10	10	10	1.0	0	81.0	101.0	81	85	4	0.0	101	103	2	0.0
orthogroup_924	3	10	10	10	1.0	0	124.0	136.0	124	125	1	0.0	135	139	4	1.0
orthogroup_924	4	10	10	10	1.0	0	165.5	194.0	160	173	13	0.5	185	194	9	0.0
orthogroup_924	5	10	10	10	1.0	0	217.0	241.0	214	217	3	0.0	240	246	6	0.5
orthogroup_925	1	10	10	10	1.0	0	12.0	32.0	11	17	6	0.0	31	33	2	0.0
orthogroup_925	2	10	10	10	1.0	0	38.0	56.0	38	38	0	0.0	56	60	4	0.0
orthogroup_925	3	10	10	10	1.0	0	84.0	101.0	84	85	1	0.0	101	101	0	0.0
orthogroup_925	4	10	10	10	1.0	0	109.0	125.0	108	109	1	0.0	125	126	1	0.0
orthogroup_929	1	10	10	10	1.0	0	11.5	29.0	11	14	3	0.5	29	30	1	0.0
orthogroup_929	2	10	10	10	1.0	0	42.0	63.0	42	43	1	0.0	63	63	0	0.0
orthogroup_929	3	10	10	10	1.0	0	77.0	91.0	77	77	0	0.0	91	91	0	0.0
orthogroup_929	4	10	10	10	1.0	0	110.0	127.0	109	110	1	0.0	126	127	1	0.0
orthogroup_929	5	10	10	10	1.0	0	136.0	156.0	135	136	1	0.0	155	156	1	0.0
orthogroup_929	6	10	10	10	1.0	0	167.0	183.5	167	169	2	0.0	181	184	3	0.5
orthogroup_941	1	10	10	10	1.0	0	11.0	29.0	8	11	3	0.0	28	32	4	0.0
orthogroup_941	2	10	10	10	1.0	0	75.0	96.0	73	75	2	0.0	96	100	4	0.0
orthogroup_941	3	10	10	10	1.0	0	113.0	134.0	110	114	4	0.0	133	135	2	0.0
orthogroup_941	4	10	10	10	1.0	0	151.0	167.0	149	151	2	0.0	167	167	0	0.0
orthogroup_951	1	10	10	10	1.0	0	5.0	23.0	5	5	0	0.0	23	24	1	0.0
orthogroup_951	2	10	10	10	1.0	0	42.0	57.0	40	43	3	0.0	56	57	1	0.0
orthogroup_951	3	10	10	10	1.0	0	72.0	90.0	71	72	1	0.0	89	91	2	0.0
orthogroup_951	4	10	10	10	1.0	0	101.0	118.5	99	101	2	0.0	118	121	3	0.5
orthogroup_954	1	10	10	10	1.0	0	28.0	45.0	26	28	2	0.0	44	46	2	0.0
orthogroup_954	2	10	10	10	1.0	0	69.0	86.0	69	70	1	0.0	85	86	1	0.0
orthogroup_954	3	10	10	10	1.0	0	99.0	116.0	98	99	1	0.0	115	118	3	1.0
orthogroup_954	4	10	10	10	1.0	0	143.0	163.0	143	144	1	0.0	163	164	1	0.0
orthogroup_954	5	10	10	10	1.0	0	179.0	199.5	179	179	0	0.0	199	200	1	0.5
orthogroup_955	1	10	10	10	1.0	0	18.5	36.5	18	22	4	0.5	35	40	5	1.5
orthogroup_955	2	10	10	10	1.0	0	60.0	80.0	60	61	1	0.0	80	81	1	0.0
orthogroup_955	3	10	10	10	1.0	0	104.0	124.0	102	104	2	0.0	124	126	2	0.0
orthogroup_955	4	10	10	10	1.0	0	141.0	158.0	141	142	1	0.0	157	158	1	0.0
orthogroup_955	5	10	10	10	1.0	0	188.0	206.0	188	191	3	0.0	205	209	4	0.5
orthogroup_955	6	10	10	10	1.0	0	230.0	250.5	230	231	1	0.0	250	251	1	0.5
orthogroup_955	7	10	10	10	1.0	0	279.0	298.0	277	281	4	0.0	298	298	0	0.0
orthogroup_955	8	10	10	10	1.0	0	315.0	331.0	315	317	2	0.0	331	334	3	0.0
orthogroup_955	9	10	10	10	1.0	0	346.0	367.0	346	347	1	0.0	367	368	1	0.0
orthogroup_955	10	10	10	10	1.0	0	381.0	399.0	380	381	1	0.0	398	400	2	0.5
orthogroup_955	11	10	10	10	1.0	0	417.0	435.0	416	417	1	0.0	435	436	1	0.0
orthogroup_955	12	10	10	10	1.0	0	454.0	470.0	453	454	1	0.0	470	471	1	0.0
orthogroup_955	13	10	10	10	1.0	0	496.5	515.5	494	498	4	1.5	514	518	4	1.5
orthogroup_955	14	10	10	10	1.0	0	592.0	606.0	591	593	2	0.0	605	608	3	0.5
orthogroup_955	15	10	10	10	1.0	0	614.0	628.0	613	614	1	0.0	627	628	1	0.0
orthogroup_983	1	10	10	10	1.0	0	63.0	77.0	63	63	0	0.0	77	77	0	0.0
orthogroup_983	2	10	10	10	1.0	0	138.0	148.0	137	138	1	0.0	148	148	0	0.0
orthogroup_983	3	10	10	10	1.0	0	175.0	186.0	174	175	1	0.0	186	187	1	0.0
orthogroup_983	4	10	10	10	1.0	0	215.0	224.0	215	215	0	0.0	224	224	0	0.0
orthogroup_983	5	10	10	10	1.0	0	230.0	244.0	230	230	0	0.0	244	244	0	0.0
orthogroup_1009	1	9	9	9	1.0	0	24.0	45.0	24	30	6	0.0	43	45	2	0.0
orthogroup_1009	2	9	9	9	1.0	0	70.0	92.0	70	75	5	0.0	92	94	2	0.0
orthogroup_1009	3	9	9	9	1.0	0	103.0	120.0	103	104	1	0.0	119	120	1	0.0
orthogroup_1009	4	9	9	9	1.0	0	128.0	149.0	128	129	1	0.0	149	149	0	0.0
orthogroup_1009	5	9	9	9	1.0	0	159.0	178.0	158	162	4	1.0	178	179	1	0.0
orthogroup_1009	6	9	9	9	1.0	0	204.0	220.0	203	205	2	1.0	219	221	2	1.0
orthogroup_1009	7	9	9	9	1.0	0	247.0	264.0	244	247	3	0.0	263	264	1	0.0
orthogroup_1009	8	9	9	9	1.0	0	266.0	277.0	265	266	1	0.0	277	277	0	0.0
orthogroup_1009	9	9	9	9	1.0	0	290.0	310.0	290	291	1	0.0	307	310	3	0.0
orthogroup_1009	10	9	9	9	1.0	0	317.0	331.0	316	317	1	0.0	330	332	2	0.0
orthogroup_1010	1	9	9	9	1.0	0	35.0	52.0	35	38	3	0.0	51	55	4	0.0
orthogroup_1010	2	9	9	9	1.0	0	82.0	100.0	82	83	1	0.0	100	101	1	0.0
orthogroup_1010	3	9	9	9	1.0	0	110.0	127.0	109	110	1	0.0	126	127	1	0.0
orthogroup_1010	4	9	9	9	1.0	0	143.0	162.0	142	145	3	1.0	162	163	1	0.0
orthogroup_1010	5	9	9	9	1.0	0	175.0	192.0	174	175	1	0.0	191	192	1	0.0
orthogroup_1010	6	9	9	9	1.0	0	219.0	235.0	219	219	0	0.0	234	236	2	0.0
orthogroup_1010	8	9	9	9	1.0	0	307.0	324.0	306	307	1	0.0	324	325	1	0.0
orthogroup_1010	9	9	9	9	1.0	0	334.0	348.0	332	334	2	0.0	348	348	0	0.0
orthogroup_1012	1	9	9	9	1.0	0	26.0	43.0	22	26	4	0.0	43	43	0	0.0
orthogroup_1012	2	9	9	9	1.0	0	57.0	74.0	54	58	4	1.0	73	75	2	0.0
orthogroup_1012	3	9	9	9	1.0	0	84.0	96.0	84	85	1	0.0	94	97	3	1.0
orthogroup_1012	4	9	9	9	1.0	0	103.0	117.0	101	104	3	0.0	117	121	4	0.0
orthogroup_1012	5	9	9	9	1.0	0	135.0	156.0	134	136	2	0.0	152	157	5	1.0
orthogroup_1012	7	9	9	9	1.0	0	219.0	238.0	219	220	1	0.0	236	239	3	1.0
orthogroup_1012	9	9	9	9	1.0	0	275.0	292.0	274	276	2	0.0	291	294	3	1.0
orthogroup_1012	11	9	9	9	1.0	0	320.0	338.0	319	321	2	0.0	338	341	3	0.0
orthogroup_1023	1	9	8	8	0.8888888888888888	0	14.0	31.0	13	15	2	0.0	30	33	3	1.0
orthogroup_1023	2	9	9	9	1.0	0	41.0	61.0	41	44	3	0.0	59	61	2	0.0
orthogroup_1023	3	9	9	9	1.0	0	68.0	88.0	68	68	0	0.0	87	88	1	0.0
orthogroup_1027	2	9	9	9	1.0	0	161.0	181.0	161	167	6	0.0	178	181	3	0.0
orthogroup_1027	3	9	9	9	1.0	0	189.0	200.0	188	189	1	0.0	200	201	1	0.0
orthogroup_1027	4	9	9	9	1.0	0	237.0	259.0	237	242	5	0.0	259	259	0	0.0
orthogroup_1027	5	9	9	9	1.0	0	267.0	288.0	266	269	3	1.0	283	292	9	0.0
orthogroup_1027	7	9	9	9	1.0	0	312.0	334.0	312	313	1	0.0	330	339	9	1.0
orthogroup_1027	8	9	9	9	1.0	0	351.0	369.0	351	352	1	0.0	368	371	3	1.0
orthogroup_1027	9	9	9	9	1.0	0	384.0	399.0	383	384	1	0.0	395	400	5	0.0
orthogroup_1027	10	9	9	9	1.0	0	409.0	426.0	408	410	2	1.0	424	427	3	1.0
orthogroup_1027	11	9	9	9	1.0	0	435.0	444.0	433	435	2	0.0	443	444	1	0.0
orthogroup_1027	12	9	9	9	1.0	0	450.0	469.0	449	450	1	0.0	469	470	1	0.0
orthogroup_1032	1	9	9	9	1.0	0	8.0	22.0	8	9	1	0.0	22	24	2	0.0
orthogroup_1032	2	9	9	9	1.0	0	51.0	66.0	48	51	3	0.0	65	68	3	1.0
orthogroup_1032	3	9	9	9	1.0	0	68.0	87.0	67	70	3	1.0	86	87	1	0.0
orthogroup_1032	4	9	9	9	1.0	0	104.0	118.0	104	106	2	0.0	117	118	1	0.0
orthogroup_1038	1	9	9	9	1.0	0	19.0	39.0	18	19	1	0.0	39	40	1	0.0
orthogroup_1038	2	9	9	9	1.0	0	66.0	84.0	65	66	1	0.0	83	87	4	0.0
orthogroup_1038	3	9	9	9	1.0	0	141.0	159.0	141	142	1	0.0	159	159	0	0.0
orthogroup_1038	4	9	9	9	1.0	0	165.0	184.0	165	166	1	0.0	184	184	0	0.0
orthogroup_1038	5	9	9	9	1.0	0	247.0	267.0	246	248	2	0.0	265	268	3	0.0
orthogroup_1038	6	9	9	9	1.0	0	285.0	303.0	284	285	1	0.0	302	303	1	0.0
orthogroup_1043	1	9	9	9	1.0	0	20.0	36.0	19	20	1	0.0	35	37	2	0.0
orthogroup_1043	2	9	9	9	1.0	0	193.0	215.0	192	197	5	0.0	214	216	2	1.0
orthogroup_1043	3	9	9	9	1.0	0	243.0	264.0	242	243	1	0.0	263	266	3	0.0
orthogroup_1043	4	9	9	9	1.0	0	292.0	315.0	291	293	2	0.0	313	315	2	0.0
orthogroup_1043	5	9	9	9	1.0	0	328.0	344.0	328	329	1	0.0	341	345	4	1.0
orthogroup_1043	8	9	9	9	1.0	0	380.0	400.0	380	382	2	0.0	400	404	4	0.0
orthogroup_1047	1	9	9	9	1.0	0	9.0	25.0	9	11	2	0.0	23	25	2	0.0
orthogroup_1047	2	9	9	9	1.0	0	31.0	45.0	31	32	1	0.0	44	45	1	0.0
orthogroup_1047	3	9	9	9	1.0	0	71.0	81.0	64	72	8	0.0	81	82	1	0.0
orthogroup_1047	4	9	9	9	1.0	0	107.0	124.0	107	108	1	0.0	123	124	1	0.0
orthogroup_1047	5	9	9	9	1.0	0	126.0	135.0	125	126	1	0.0	135	135	0	0.0
orthogroup_1047	6	9	9	9	1.0	0	149.0	169.0	149	150	1	0.0	166	171	5	1.0
orthogroup_1047	7	9	9	9	1.0	0	187.0	207.0	187	189	2	0.0	206	208	2	0.0
orthogroup_1047	8	9	9	9	1.0	0	255.0	272.0	255	257	2	0.0	271	274	3	0.0
orthogroup_1047	9	9	9	9	1.0	0	287.0	304.0	286	287	1	0.0	301	305	4	1.0
orthogroup_1047	11	9	9	9	1.0	0	382.0	396.0	382	384	2	0.0	396	396	0	0.0
orthogroup_1047	12	9	9	9	1.0	0	398.0	407.0	398	399	1	0.0	407	408	1	0.0
orthogroup_1047	13	9	9	9	1.0	0	428.0	448.0	428	430	2	0.0	447	450	3	1.0
orthogroup_1047	14	9	9	9	1.0	0	464.0	480.0	462	465	3	0.0	479	481	2	0.0
orthogroup_1052	1	9	9	9	1.0	0	14.0	35.0	13	17	4	0.0	34	35	1	0.0
orthogroup_1052	3	9	9	9	1.0	0	88.0	105.0	88	89	1	0.0	105	106	1	0.0
orthogroup_1052	4	9	9	9	1.0	0	117.0	134.0	116	117	1	0.0	134	135	1	0.0
orthogroup_1052	5	9	9	9	1.0	0	159.0	175.0	159	160	1	0.0	174	176	2	0.0
orthogroup_1052	6	9	9	9	1.0	0	181.0	197.0	180	182	2	1.0	196	198	2	0.0
orthogroup_1074	1	9	9	9	1.0	0	19.0	42.0	19	19	0	0.0	41	42	1	0.0
orthogroup_1074	2	9	9	9	1.0	0	281.0	298.0	281	281	0	0.0	297	300	3	1.0
orthogroup_1074	3	9	9	9	1.0	0	332.0	355.0	330	332	2	0.0	355	356	1	0.0
orthogroup_1074	4	9	9	9	1.0	0	364.0	387.0	364	364	0	0.0	387	387	0	0.0
orthogroup_1117	1	9	9	9	1.0	0	19.0	36.0	18	19	1	0.0	35	36	1	0.0
orthogroup_1117	2	9	9	9	1.0	0	50.0	71.0	50	51	1	0.0	69	72	3	0.0
orthogroup_1117	3	9	9	9	1.0	0	95.0	113.0	95	96	1	0.0	112	117	5	1.0
orthogroup_1117	4	9	9	9	1.0	0	136.0	154.0	134	136	2	0.0	154	155	1	0.0
orthogroup_1117	5	9	9	9	1.0	0	163.0	183.0	163	164	1	0.0	182	183	1	0.0
orthogroup_1117	6	9	9	9	1.0	0	195.0	213.0	194	195	1	0.0	213	215	2	0.0
orthogroup_1117	7	9	9	9	1.0	0	246.0	266.0	246	246	0	0.0	265	266	1	0.0
orthogroup_1117	8	9	9	9	1.0	0	277.0	299.0	276	277	1	0.0	298	299	1	0.0
orthogroup_1117	9	9	9	9	1.0	0	319.0	339.0	319	320	1	0.0	339	339	0	0.0
orthogroup_1117	10	9	9	9	1.0	0	361.0	381.0	361	361	0	0.0	378	381	3	0.0
orthogroup_1117	11	9	9	9	1.0	0	389.0	409.0	389	389	0	0.0	409	410	1	0.0
orthogroup_1117	12	9	9	9	1.0	0	418.0	437.0	418	418	0	0.0	436	437	1	0.0
orthogroup_1120	1	9	9	9	1.0	0	18.0	38.0	18	18	0	0.0	38	39	1	0.0
orthogroup_1120	2	9	9	9	1.0	0	51.0	71.0	51	52	1	0.0	71	71	0	0.0
orthogroup_1120	3	9	9	9	1.0	0	82.0	102.0	82	82	0	0.0	102	102	0	0.0
orthogroup_1120	4	9	9	9	1.0	0	111.0	129.0	111	112	1	0.0	128	129	1	0.0
orthogroup_1120	5	9	9	9	1.0	0	138.0	155.0	137	138	1	0.0	154	155	1	0.0
orthogroup_1120	6	9	9	9	1.0	0	167.0	185.0	166	167	1	0.0	185	185	0	0.0
orthogroup_1120	7	9	9	9	1.0	0	193.0	212.0	193	194	1	0.0	210	212	2	0.0
orthogroup_1125	1	9	9	9	1.0	0	5.0	23.0	4	7	3	0.0	22	25	3	1.0
orthogroup_1125	2	9	9	9	1.0	0	45.0	62.0	43	45	2	0.0	60	63	3	0.0
orthogroup_1125	3	9	9	9	1.0	0	72.0	90.0	71	74	3	1.0	90	91	1	0.0
orthogroup_1125	4	9	9	9	1.0	0	120.0	137.0	120	120	0	0.0	136	137	1	0.0
orthogroup_1125	5	9	9	9	1.0	0	141.0	159.0	140	141	1	0.0	158	159	1	0.0
orthogroup_1140	1	9	9	9	1.0	0	5.0	19.0	5	6	1	0.0	19	20	1	0.0
orthogroup_1140	2	9	9	9	1.0	0	28.0	42.0	27	28	1	0.0	41	45	4	1.0
orthogroup_1140	3	9	9	9	1.0	0	52.0	67.0	52	54	2	0.0	66	69	3	1.0
orthogroup_1140	4	9	9	9	1.0	0	76.0	95.0	75	79	4	0.0	92	96	4	1.0
orthogroup_1140	5	9	9	9	1.0	0	102.0	122.0	102	108	6	0.0	121	123	2	0.0
orthogroup_1140	6	9	9	9	1.0	0	130.0	146.0	129	131	2	1.0	145	148	3	0.0
orthogroup_1140	7	9	9	9	1.0	0	164.0	178.0	163	164	1	0.0	177	181	4	1.0
orthogroup_1141	1	9	9	9	1.0	0	5.0	20.0	5	6	1	0.0	20	21	1	0.0
orthogroup_1141	2	9	9	9	1.0	0	34.0	54.0	34	34	0	0.0	51	54	3	0.0
orthogroup_1141	3	9	9	9	1.0	0	65.0	88.0	65	69	4	0.0	87	88	1	0.0
orthogroup_1141	4	9	9	9	1.0	0	101.0	118.0	100	101	1	0.0	117	118	1	0.0
orthogroup_1141	5	9	9	9	1.0	0	128.0	149.0	128	128	0	0.0	149	149	0	0.0
orthogroup_1141	6	9	9	9	1.0	0	163.0	183.0	162	165	3	1.0	182	184	2	0.0
orthogroup_1141	7	9	9	9	1.0	0	193.0	207.0	193	193	0	0.0	207	207	0	0.0
orthogroup_1150	1	9	9	9	1.0	0	17.0	34.0	14	18	4	1.0	33	35	2	1.0
orthogroup_1150	2	9	9	9	1.0	0	44.0	64.0	42	48	6	2.0	63	66	3	0.0
orthogroup_1150	3	9	9	9	1.0	0	77.0	91.0	74	78	4	1.0	90	92	2	1.0
orthogroup_1152	1	9	9	9	1.0	0	127.0	150.0	127	127	0	0.0	149	150	1	0.0
orthogroup_1152	2	9	9	9	1.0	0	170.0	199.0	167	170	3	0.0	196	199	3	0.0
orthogroup_1152	3	9	9	9	1.0	0	326.0	349.0	326	329	3	0.0	347	349	2	0.0
orthogroup_1153	1	9	9	9	1.0	0	8.0	24.0	5	8	3	0.0	24	24	0	0.0
orthogroup_1153	2	9	9	9	1.0	0	26.0	39.0	26	26	0	0.0	39	39	0	0.0
orthogroup_1153	3	9	9	9	1.0	0	52.0	74.0	52	53	1	0.0	71	75	4	1.0
orthogroup_1153	4	9	9	9	1.0	0	86.0	99.0	83	86	3	0.0	99	99	0	0.0
orthogroup_1153	5	9	9	9	1.0	0	101.0	115.0	101	101	0	0.0	115	118	3	0.0
orthogroup_1153	6	9	9	9	1.0	0	132.0	154.0	128	132	4	0.0	154	156	2	0.0
orthogroup_1175	1	9	9	9	1.0	0	8.0	18.0	7	8	1	0.0	18	18	0	0.0
orthogroup_1175	2	9	9	9	1.0	0	25.0	34.0	24	25	1	0.0	34	34	0	0.0
orthogroup_1175	3	9	9	9	1.0	0	52.0	65.0	52	54	2	0.0	65	65	0	0.0
orthogroup_1175	4	9	9	9	1.0	0	87.0	100.0	87	87	0	0.0	100	100	0	0.0
orthogroup_1175	5	9	9	9	1.0	0	114.0	127.0	114	115	1	0.0	126	128	2	0.0
orthogroup_1175	6	9	9	9	1.0	0	132.0	142.0	132	132	0	0.0	142	142	0	0.0
orthogroup_1176	1	9	9	9	1.0	0	28.0	44.0	28	29	1	0.0	43	46	3	1.0
orthogroup_1176	2	9	9	9	1.0	0	53.0	69.0	53	53	0	0.0	69	70	1	0.0
orthogroup_1176	3	9	9	9	1.0	0	103.0	112.0	103	103	0	0.0	112	112	0	0.0
orthogroup_1176	4	9	9	9	1.0	0	114.0	124.0	114	114	0	0.0	124	124	0	0.0
orthogroup_1181	1	9	9	9	1.0	0	28.0	48.0	28	32	4	0.0	48	49	1	0.0
orthogroup_1181	2	9	9	9	1.0	0	57.0	76.0	57	57	0	0.0	76	78	2	0.0
orthogroup_1181	3	9	9	9	1.0	0	89.0	105.0	87	89	2	0.0	103	106	3	1.0
orthogroup_1181	4	9	9	9	1.0	0	116.0	133.0	116	118	2	0.0	131	134	3	0.0
orthogroup_1181	5	9	9	9	1.0	0	151.0	169.0	149	152	3	1.0	168	169	1	0.0
orthogroup_1181	6	9	9	9	1.0	0	181.0	197.0	179	183	4	1.0	196	197	1	0.0
orthogroup_1181	7	9	9	9	1.0	0	212.0	231.0	211	214	3	1.0	230	233	3	0.0
orthogroup_1181	8	9	9	9	1.0	0	237.0	250.0	236	237	1	0.0	250	251	1	0.0
orthogroup_1188	1	9	9	9	1.0	0	16.0	38.0	15	16	1	0.0	38	38	0	0.0
orthogroup_1188	2	9	9	9	1.0	0	59.0	80.0	58	59	1	0.0	80	80	0	0.0
orthogroup_1188	3	9	9	9	1.0	0	103.0	131.0	102	105	3	0.0	130	131	1	0.0
orthogroup_1188	4	9	9	9	1.0	0	151.0	174.0	150	151	1	0.0	173	175	2	0.0
orthogroup_1188	5	9	9	9	1.0	0	200.0	220.0	200	200	0	0.0	220	220	0	0.0
orthogroup_1188	6	9	9	9	1.0	0	235.0	260.0	234	235	1	0.0	260	263	3	0.0
orthogroup_1188	7	9	9	9	1.0	0	286.0	308.0	286	286	0	0.0	308	309	1	0.0
orthogroup_1188	8	9	9	9	1.0	0	536.0	558.0	536	536	0	0.0	558	558	0	0.0
orthogroup_1188	9	9	9	9	1.0	0	582.0	605.0	582	582	0	0.0	605	607	2	0.0
orthogroup_1188	10	9	9	9	1.0	0	619.0	642.0	619	619	0	0.0	642	642	0	0.0
orthogroup_1191	1	9	9	9	1.0	0	32.0	48.0	29	38	9	0.0	46	51	5	0.0
orthogroup_1191	2	9	9	9	1.0	0	86.0	108.0	86	87	1	0.0	107	108	1	0.0
orthogroup_1191	3	9	9	9	1.0	0	116.0	136.0	116	117	1	0.0	136	137	1	0.0
orthogroup_1191	4	9	9	9	1.0	0	148.0	164.0	148	148	0	0.0	164	164	0	0.0
orthogroup_1191	5	9	9	9	1.0	0	202.0	219.0	201	202	1	0.0	219	219	0	0.0
orthogroup_1191	6	9	9	9	1.0	0	245.0	266.0	245	245	0	0.0	266	266	0	0.0
orthogroup_1192	1	9	8	8	0.8888888888888888	0	15.0	30.0	14	16	2	0.5	29	30	1	0.0
orthogroup_1192	2	9	9	9	1.0	0	36.0	50.0	36	37	1	0.0	50	54	4	0.0
orthogroup_1192	3	9	9	9	1.0	0	67.0	87.0	67	68	1	0.0	87	88	1	0.0
orthogroup_1192	4	9	9	9	1.0	0	101.0	119.0	101	101	0	0.0	118	122	4	1.0
orthogroup_1238	1	9	9	9	1.0	0	21.0	38.0	20	21	1	0.0	37	39	2	0.0
orthogroup_1238	2	9	9	9	1.0	0	49.0	67.0	48	49	1	0.0	66	67	1	0.0
orthogroup_1238	3	9	9	9	1.0	0	84.0	98.0	83	84	1	0.0	97	100	3	0.0
orthogroup_1241	1	9	9	9	1.0	0	8.0	28.0	8	11	3	0.0	25	28	3	0.0
orthogroup_1241	2	9	9	9	1.0	0	30.0	46.0	27	30	3	0.0	45	46	1	0.0
orthogroup_1241	3	9	9	9	1.0	0	53.0	69.0	52	54	2	1.0	68	69	1	0.0
orthogroup_1241	4	9	9	9	1.0	0	72.0	91.0	72	74	2	0.0	88	91	3	0.0
orthogroup_1241	5	9	9	9	1.0	0	99.0	119.0	99	101	2	0.0	117	119	2	0.0
orthogroup_1241	6	9	9	9	1.0	0	175.0	197.0	174	177	3	1.0	196	198	2	0.0
orthogroup_1241	7	9	9	9	1.0	0	215.0	232.0	215	218	3	0.0	230	235	5	2.0
orthogroup_1241	8	9	9	9	1.0	0	247.0	269.0	247	247	0	0.0	268	270	2	1.0
orthogroup_1241	9	9	9	9	1.0	0	278.0	291.0	278	279	1	0.0	290	291	1	0.0
orthogroup_1241	10	9	9	9	1.0	0	294.0	308.0	293	294	1	0.0	308	308	0	0.0
orthogroup_1244	1	9	9	9	1.0	0	43.0	66.0	36	47	11	1.0	64	67	3	0.0
orthogroup_1244	2	9	9	9	1.0	0	75.0	90.0	71	76	5	1.0	90	91	1	0.0
orthogroup_1244	3	9	9	9	1.0	0	99.0	118.0	99	100	1	0.0	117	119	2	1.0
orthogroup_1244	4	9	9	9	1.0	0	136.0	154.0	130	136	6	0.0	151	154	3	0.0
orthogroup_1244	5	9	9	9	1.0	0	168.0	184.0	168	169	1	0.0	183	184	1	0.0
orthogroup_1244	6	9	9	9	1.0	0	186.0	203.0	185	186	1	0.0	203	205	2	0.0
orthogroup_1244	7	9	9	9	1.0	0	220.0	240.0	219	221	2	0.0	239	240	1	0.0
orthogroup_1244	8	9	9	9	1.0	0	259.0	276.0	258	261	3	1.0	275	277	2	1.0
orthogroup_1253	1	8	8	8	1.0	0	20.0	36.0	16	23	7	2.0	36	37	1	0.0
orthogroup_1253	2	8	8	8	1.0	0	47.5	61.5	45	48	3	0.5	61	62	1	0.5
orthogroup_1253	3	8	8	8	1.0	0	67.0	79.0	67	67	0	0.0	79	80	1	0.0
orthogroup_1253	4	8	8	8	1.0	0	93.0	106.5	91	93	2	0.0	105	108	3	1.5
orthogroup_1253	5	8	8	8	1.0	0	121.0	135.0	121	121	0	0.0	135	135	0	0.0
orthogroup_1253	6	8	8	8	1.0	0	150.0	164.0	147	150	3	0.0	163	166	3	0.0
orthogroup_1253	7	8	8	8	1.0	0	169.0	183.0	169	169	0	0.0	183	183	0	0.0
orthogroup_1253	8	8	8	8	1.0	0	225.0	240.0	219	226	7	1.0	239	240	1	0.0
orthogroup_1253	9	8	8	8	1.0	0	257.0	271.0	257	258	1	0.0	267	271	4	0.0
orthogroup_1253	10	8	8	8	1.0	0	273.0	283.0	269	273	4	0.0	279	284	5	0.5
orthogroup_1253	11	8	8	8	1.0	0	294.0	310.0	294	294	0	0.0	310	311	1	0.0
orthogroup_1253	12	8	8	8	1.0	0	321.0	331.0	317	321	4	0.0	331	331	0	0.0
orthogroup_1253	13	8	8	8	1.0	0	348.0	362.0	348	349	1	0.0	361	362	1	0.0
orthogroup_1253	14	8	8	8	1.0	0	369.0	383.0	367	369	2	0.0	381	383	2	0.0
orthogroup_1254	1	8	8	8	1.0	0	21.0	35.0	12	22	10	1.0	34	35	1	0.0
orthogroup_1254	2	8	8	8	1.0	0	38.0	58.0	37	41	4	0.5	58	59	1	0.0
orthogroup_1254	3	8	8	8	1.0	0	73.0	94.0	73	74	1	0.0	94	94	0	0.0
orthogroup_1254	4	8	8	8	1.0	0	105.0	123.0	105	106	1	0.0	123	124	1	0.0
orthogroup_1254	5	8	8	8	1.0	0	136.0	153.0	136	137	1	0.0	153	153	0	0.0
orthogroup_1254	6	8	8	8	1.0	0	166.0	187.0	166	168	2	0.0	186	187	1	0.0
orthogroup_1254	7	8	8	8	1.0	0	202.0	219.0	202	205	3	0.0	218	222	4	0.5
orthogroup_1254	8	8	8	8	1.0	0	233.0	254.0	232	233	1	0.0	254	255	1	0.0
orthogroup_1254	9	8	8	8	1.0	0	267.0	283.0	266	268	2	0.0	283	283	0	0.0
orthogroup_1254	10	8	8	8	1.0	0	292.0	310.0	292	292	0	0.0	309	310	1	0.0
orthogroup_1261	1	8	8	8	1.0	0	14.0	37.0	11	14	3	0.0	36	39	3	1.0
orthogroup_1261	2	8	8	8	1.0	0	47.5	65.0	46	50	4	0.5	65	66	1	0.0
orthogroup_1261	3	8	8	8	1.0	0	199.0	219.5	196	203	7	0.0	219	220	1	0.5
orthogroup_1261	4	8	8	8	1.0	0	246.5	268.0	246	248	2	0.5	268	269	1	0.0
orthogroup_1261	5	8	8	8	1.0	0	381.0	401.0	380	383	3	0.0	397	402	5	0.5
orthogroup_1261	6	8	8	8	1.0	0	407.5	427.0	407	408	1	0.5	426	427	1	0.0
orthogroup_1267	1	8	8	8	1.0	0	36.0	56.0	36	37	1	0.0	56	56	0	0.0
orthogroup_1267	2	8	8	8	1.0	0	61.0	82.0	60	62	2	0.5	81	83	2	0.0
orthogroup_1267	3	8	8	8	1.0	0	104.5	125.0	104	105	1	0.5	124	125	1	0.0
orthogroup_1267	4	8	8	8	1.0	0	140.0	158.0	140	141	1	0.0	158	158	0	0.0
orthogroup_1267	5	8	8	8	1.0	0	169.0	192.0	169	172	3	0.0	190	192	2	0.0
orthogroup_1267	6	8	8	8	1.0	0	203.0	221.0	202	204	2	0.0	221	222	1	0.0
orthogroup_1274	1	8	8	8	1.0	0	19.0	35.0	16	19	3	0.0	35	36	1	0.0
orthogroup_1274	2	8	8	8	1.0	0	50.5	67.0	49	51	2	0.5	67	71	4	0.0
orthogroup_1274	3	8	8	8	1.0	0	79.0	96.0	78	79	1	0.0	95	97	2	0.0
orthogroup_1274	4	8	8	8	1.0	0	102.0	122.0	102	102	0	0.0	122	122	0	0.0
orthogroup_1274	5	8	8	8	1.0	0	139.0	156.0	138	139	1	0.0	156	158	2	0.0
orthogroup_1274	6	8	8	8	1.0	0	166.0	183.0	164	166	2	0.0	182	184	2	0.5
orthogroup_1274	7	8	8	8	1.0	0	218.0	234.5	215	218	3	0.0	234	235	1	0.5
orthogroup_1274	8	8	8	8	1.0	0	249.0	267.0	248	251	3	0.5	267	270	3	0.0
orthogroup_1274	9	8	8	8	1.0	0	278.0	295.0	277	278	1	0.0	294	296	2	0.0
orthogroup_1274	10	8	8	8	1.0	0	302.0	321.0	302	302	0	0.0	321	322	1	0.0
orthogroup_1274	11	8	8	8	1.0	0	339.0	356.0	338	339	1	0.0	356	359	3	0.0
orthogroup_1274	12	8	8	8	1.0	0	367.0	384.0	367	368	1	0.0	382	385	3	0.5
orthogroup_1279	1	8	8	8	1.0	0	10.0	27.0	10	10	0	0.0	27	27	0	0.0
orthogroup_1279	2	8	8	8	1.0	0	33.0	44.0	33	34	1	0.0	44	44	0	0.0
orthogroup_1279	3	8	8	8	1.0	0	51.0	75.0	51	51	0	0.0	75	75	0	0.0
orthogroup_1279	4	8	8	8	1.0	0	80.0	93.0	80	80	0	0.0	93	93	0	0.0
orthogroup_1279	5	8	8	8	1.0	0	103.0	115.0	103	103	0	0.0	115	116	1	0.0
orthogroup_1279	6	8	8	8	1.0	0	125.0	147.0	123	125	2	0.0	147	148	1	0.0
orthogroup_1299	1	8	8	8	1.0	0	38.0	55.0	38	38	0	0.0	54	55	1	0.0
orthogroup_1299	2	8	8	8	1.0	0	69.0	90.5	69	72	3	0.0	90	91	1	0.5
orthogroup_1299	3	8	8	8	1.0	0	114.0	131.0	112	114	2	0.0	131	132	1	0.0
orthogroup_1299	4	8	8	8	1.0	0	154.5	173.0	153	155	2	0.5	173	173	0	0.0
orthogroup_1299	5	8	8	8	1.0	0	184.0	201.0	184	184	0	0.0	201	201	0	0.0
orthogroup_1299	6	8	8	8	1.0	0	214.0	232.0	214	215	1	0.0	232	233	1	0.0
orthogroup_1299	7	8	8	8	1.0	0	264.0	280.0	264	264	0	0.0	280	281	1	0.0
orthogroup_1299	8	8	8	8	1.0	0	297.0	315.0	297	298	1	0.0	313	317	4	1.0
orthogroup_1299	9	8	8	8	1.0	0	340.0	356.5	339	340	1	0.0	356	357	1	0.5
orthogroup_1299	10	8	8	8	1.0	0	378.5	399.0	378	379	1	0.5	397	399	2	0.0
orthogroup_1299	11	8	8	8	1.0	0	408.0	428.0	407	409	2	0.0	427	428	1	0.0
orthogroup_1299	12	8	8	8	1.0	0	437.0	455.0	437	437	0	0.0	455	455	0	0.0
orthogroup_1336	1	8	8	8	1.0	0	23.0	42.0	23	25	2	0.0	41	43	2	1.0
orthogroup_1336	2	8	8	8	1.0	0	62.0	80.0	59	62	3	0.0	80	82	2	0.0
orthogroup_1336	3	8	8	8	1.0	0	89.0	106.0	89	89	0	0.0	106	109	3	0.0
orthogroup_1336	4	8	8	8	1.0	0	130.0	153.0	130	133	3	0.0	153	154	1	0.0
orthogroup_1336	5	8	8	8	1.0	0	164.0	184.0	164	165	1	0.0	184	185	1	0.0
orthogroup_1339	1	8	8	8	1.0	0	15.0	29.0	14	15	1	0.0	26	29	3	0.0
orthogroup_1339	2	8	8	8	1.0	0	33.0	54.0	32	36	4	0.0	53	54	1	0.0
orthogroup_1339	3	8	8	8	1.0	0	69.0	89.0	68	69	1	0.0	89	89	0	0.0
orthogroup_1339	4	8	8	8	1.0	0	99.0	118.0	99	100	1	0.0	117	118	1	0.0
orthogroup_1339	5	8	8	8	1.0	0	131.0	147.0	130	131	1	0.0	147	150	3	0.0
orthogroup_1339	6	8	8	8	1.0	0	160.0	181.0	160	162	2	0.0	180	181	1	0.0
orthogroup_1339	7	8	8	8	1.0	0	195.0	212.0	195	198	3	0.0	212	212	0	0.0
orthogroup_1339	8	8	8	8	1.0	0	223.0	244.0	223	225	2	0.0	244	245	1	0.0
orthogroup_1339	9	8	8	8	1.0	0	257.0	273.0	257	259	2	0.0	273	273	0	0.0
orthogroup_1339	10	8	8	8	1.0	0	283.0	301.0	283	285	2	0.0	301	302	1	0.0
orthogroup_1354	1	8	8	8	1.0	0	29.0	49.0	29	30	1	0.0	47	49	2	0.0
orthogroup_1354	2	8	8	8	1.0	0	55.0	68.0	54	56	2	1.0	68	68	0	0.0
orthogroup_1354	3	8	8	8	1.0	0	73.0	90.0	73	73	0	0.0	90	90	0	0.0
orthogroup_1354	4	8	8	8	1.0	0	96.0	117.0	96	97	1	0.0	117	117	0	0.0
orthogroup_1354	5	8	8	8	1.0	0	129.0	146.0	129	129	0	0.0	146	146	0	0.0
orthogroup_1354	6	8	8	8	1.0	0	175.0	195.0	173	176	3	0.5	195	198	3	0.0
orthogroup_1356	1	8	8	8	1.0	0	9.0	31.0	9	10	1	0.0	31	32	1	0.0
orthogroup_1356	2	8	8	8	1.0	0	52.0	69.0	52	52	0	0.0	69	69	0	0.0
orthogroup_1356	3	8	8	8	1.0	0	79.0	99.0	79	79	0	0.0	99	102	3	0.0
orthogroup_1356	4	8	8	8	1.0	0	119.0	136.0	119	119	0	0.0	135	136	1	0.0
orthogroup_1366	1	8	8	8	1.0	0	112.5	139.5	111	114	3	1.5	139	140	1	0.5
orthogroup_1366	2	8	8	8	1.0	0	148.0	168.0	148	149	1	0.0	168	168	0	0.0
orthogroup_1366	3	8	8	8	1.0	0	214.0	231.0	214	214	0	0.0	231	231	0	0.0
orthogroup_1366	4	8	8	8	1.0	0	238.0	261.0	238	238	0	0.0	258	261	3	0.0
orthogroup_1370	1	8	8	8	1.0	0	28.0	48.0	28	29	1	0.0	46	49	3	0.0
orthogroup_1370	2	8	8	8	1.0	0	170.0	193.0	168	172	4	1.0	190	194	4	0.0
orthogroup_1370	3	8	8	8	1.0	0	210.0	230.0	210	213	3	0.0	228	230	2	0.0
orthogroup_1370	4	8	8	8	1.0	0	236.0	253.0	234	236	2	0.0	251	253	2	0.0
orthogroup_1372	1	8	8	8	1.0	0	250.0	267.0	250	251	1	0.0	266	267	1	0.0
orthogroup_1372	2	8	8	8	1.0	0	271.0	288.0	271	272	1	0.0	288	289	1	0.0
orthogroup_1372	3	8	8	8	1.0	0	298.0	312.0	298	298	0	0.0	312	313	1	0.0
orthogroup_1372	4	8	8	8	1.0	0	321.0	335.0	321	322	1	0.0	335	335	0	0.0
orthogroup_1372	5	8	8	8	1.0	0	344.0	359.0	343	345	2	0.0	358	361	3	0.5
orthogroup_1379	1	8	8	8	1.0	0	8.5	24.0	8	9	1	0.5	23	24	1	0.0
orthogroup_1379	2	8	8	8	1.0	0	263.0	280.0	263	263	0	0.0	280	280	0	0.0
orthogroup_1379	3	8	8	8	1.0	0	288.0	305.0	288	288	0	0.0	305	307	2	0.0
orthogroup_1379	4	8	8	8	1.0	0	316.0	330.0	313	316	3	0.0	327	330	3	0.0
orthogroup_1379	5	8	8	8	1.0	0	360.0	376.0	360	360	0	0.0	376	377	1	0.0
orthogroup_1379	6	8	8	8	1.0	0	388.0	410.0	388	388	0	0.0	410	410	0	0.0
orthogroup_1379	7	8	8	8	1.0	0	460.0	477.0	460	461	1	0.0	477	478	1	0.0
orthogroup_1379	8	8	8	8	1.0	0	575.0	594.0	575	579	4	0.0	593	594	1	0.0
orthogroup_1379	9	8	8	8	1.0	0	602.0	622.0	602	602	0	0.0	622	622	0	0.0
orthogroup_1379	10	8	8	8	1.0	0	631.0	648.0	629	631	2	0.0	646	648	2	0.0
orthogroup_1379	11	8	8	8	1.0	0	682.0	698.5	682	684	2	0.0	698	700	2	0.5
orthogroup_1379	12	8	8	8	1.0	0	708.0	727.0	707	709	2	0.0	723	727	4	0.0
orthogroup_1386	1	8	8	8	1.0	0	5.5	23.0	5	6	1	0.5	22	23	1	0.0
orthogroup_1386	2	8	8	8	1.0	0	43.0	60.5	43	44	1	0.0	60	63	3	0.5
orthogroup_1386	3	8	8	8	1.0	0	82.0	96.0	82	84	2	0.0	95	96	1	0.0
orthogroup_1386	4	8	8	8	1.0	0	101.0	118.0	101	101	0	0.0	118	118	0	0.0
orthogroup_1386	5	8	8	8	1.0	0	121.5	139.5	121	122	1	0.5	139	141	2	0.5
orthogroup_1386	6	8	8	8	1.0	0	153.0	172.0	153	154	1	0.0	171	172	1	0.0
orthogroup_1386	7	8	8	8	1.0	0	187.0	203.0	184	188	4	1.0	203	206	3	0.0
orthogroup_1398	1	8	8	8	1.0	0	9.5	26.0	7	10	3	0.5	26	27	1	0.0
orthogroup_1398	2	8	8	8	1.0	0	42.0	63.0	42	42	0	0.0	63	63	0	0.0
orthogroup_1398	3	8	8	8	1.0	0	70.0	87.0	70	71	1	0.0	87	87	0	0.0
orthogroup_1398	4	8	8	8	1.0	0	96.0	115.0	96	96	0	0.0	115	115	0	0.0
orthogroup_1398	5	8	8	8	1.0	0	131.0	151.0	130	131	1	0.0	151	152	1	0.0
orthogroup_1398	6	8	8	8	1.0	0	158.0	176.0	158	158	0	0.0	176	178	2	0.0
orthogroup_1398	7	8	8	8	1.0	0	212.0	231.0	212	214	2	0.0	229	232	3	0.0
orthogroup_1398	8	8	8	8	1.0	0	248.0	263.0	247	248	1	0.0	263	267	4	0.0
orthogroup_1398	9	8	8	8	1.0	0	277.0	293.0	277	278	1	0.0	293	294	1	0.0
orthogroup_1398	10	8	8	8	1.0	0	302.0	320.0	301	302	1	0.0	320	320	0	0.0
orthogroup_1398	11	8	8	8	1.0	0	337.0	354.0	337	337	0	0.0	354	354	0	0.0
orthogroup_1398	12	8	8	8	1.0	0	365.0	381.5	365	365	0	0.0	381	383	2	0.5
orthogroup_1407	2	8	8	8	1.0	0	51.0	67.0	49	51	2	0.0	67	68	1	0.0
orthogroup_1407	3	8	8	8	1.0	0	96.0	116.0	96	96	0	0.0	113	117	4	0.5
orthogroup_1407	4	8	8	8	1.0	0	125.0	140.0	125	125	0	0.0	140	140	0	0.0
orthogroup_1407	5	8	8	8	1.0	0	160.0	175.0	160	160	0	0.0	175	175	0	0.0
orthogroup_1407	6	8	8	8	1.0	0	177.0	187.0	177	177	0	0.0	187	187	0	0.0
orthogroup_1407	7	8	8	8	1.0	0	201.0	218.0	200	201	1	0.0	218	219	1	0.0
orthogroup_1407	8	8	8	8	1.0	0	230.0	251.0	230	231	1	0.0	251	254	3	0.0
orthogroup_1407	9	8	8	8	1.0	0	259.0	276.0	259	259	0	0.0	275	276	1	0.0
orthogroup_1411	1	8	8	8	1.0	0	14.0	31.0	14	14	0	0.0	30	31	1	0.0
orthogroup_1411	2	8	8	8	1.0	0	58.5	77.0	57	60	3	1.5	76	77	1	0.0
orthogroup_1411	3	8	8	8	1.0	0	86.0	100.0	85	86	1	0.0	100	100	0	0.0
orthogroup_1411	4	8	8	8	1.0	0	113.0	133.0	110	113	3	0.0	133	134	1	0.0
orthogroup_1411	5	8	8	8	1.0	0	143.0	156.0	142	143	1	0.0	156	156	0	0.0
orthogroup_1411	6	8	8	8	1.0	0	196.0	212.0	194	197	3	0.5	211	212	1	0.0
orthogroup_1411	7	8	8	8	1.0	0	243.0	259.0	243	243	0	0.0	258	259	1	0.0
orthogroup_1411	9	8	8	8	1.0	0	294.5	306.0	294	296	2	0.5	305	309	4	0.0
orthogroup_1411	10	8	8	8	1.0	0	321.5	333.5	321	322	1	0.5	333	334	1	0.5
orthogroup_1412	1	8	8	8	1.0	0	15.0	30.0	14	15	1	0.0	30	30	0	0.0
orthogroup_1412	2	8	8	8	1.0	0	41.0	56.0	40	41	1	0.0	56	56	0	0.0
orthogroup_1412	3	8	8	8	1.0	0	71.0	90.0	71	71	0	0.0	90	91	1	0.0
orthogroup_1412	4	8	8	8	1.0	0	100.0	116.5	100	100	0	0.0	114	117	3	0.5
orthogroup_1412	5	8	8	8	1.0	0	157.5	172.5	157	158	1	0.5	172	173	1	0.5
orthogroup_1412	6	8	8	8	1.0	0	205.0	222.0	205	205	0	0.0	222	222	0	0.0
orthogroup_1412	7	8	8	8	1.0	0	235.0	244.0	234	236	2	0.5	244	245	1	0.0
orthogroup_1412	8	8	8	8	1.0	0	254.0	270.0	254	255	1	0.0	269	272	3	1.0
orthogroup_1412	9	8	8	8	1.0	0	283.0	297.0	283	285	2	0.0	297	298	1	0.0
orthogroup_1416	2	8	8	8	1.0	0	58.5	76.5	58	59	1	0.5	76	78	2	0.5
orthogroup_1416	3	8	8	8	1.0	0	90.0	106.0	89	90	1	0.0	106	107	1	0.0
orthogroup_1416	4	8	8	8	1.0	0	115.0	130.0	115	117	2	0.0	129	132	3	0.5
orthogroup_1416	5	8	8	8	1.0	0	198.0	214.0	198	199	1	0.0	214	215	1	0.0
orthogroup_1416	6	8	8	8	1.0	0	216.0	227.0	216	217	1	0.0	227	227	0	0.0
orthogroup_1416	7	8	8	8	1.0	0	237.0	257.0	237	239	2	0.0	255	259	4	0.0
orthogroup_1416	8	8	8	8	1.0	0	265.0	282.0	265	266	1	0.0	281	284	3	0.0
orthogroup_1416	9	8	8	8	1.0	0	293.0	310.0	293	296	3	0.0	310	311	1	0.0
orthogroup_1420	1	8	8	8	1.0	0	19.0	34.5	18	20	2	0.0	33	36	3	1.0
orthogroup_1420	2	8	8	8	1.0	0	81.0	97.0	77	81	4	0.0	97	98	1	0.0
orthogroup_1420	3	8	8	8	1.0	0	110.0	124.5	109	110	1	0.0	124	125	1	0.5
orthogroup_1420	4	8	8	8	1.0	0	138.0	157.0	138	139	1	0.0	157	157	0	0.0
orthogroup_1420	5	8	8	8	1.0	0	171.0	188.0	171	172	1	0.0	188	188	0	0.0
orthogroup_1420	6	8	8	8	1.0	0	217.0	231.0	217	218	1	0.0	231	232	1	0.0
orthogroup_1420	7	8	8	8	1.0	0	260.0	277.0	260	261	1	0.0	276	277	1	0.0
orthogroup_1420	8	8	8	8	1.0	0	279.0	290.0	278	279	1	0.0	287	290	3	0.0
orthogroup_1420	9	8	8	8	1.0	0	303.0	320.0	303	304	1	0.0	320	320	0	0.0
orthogroup_1420	10	8	8	8	1.0	0	330.0	344.0	329	332	3	1.0	343	345	2	0.5
orthogroup_1423	1	8	8	8	1.0	0	4.0	20.0	4	5	1	0.0	18	20	2	0.0
orthogroup_1423	2	8	8	8	1.0	0	32.0	47.0	32	33	1	0.0	45	47	2	0.0
orthogroup_1423	3	8	8	8	1.0	0	74.0	89.0	74	75	1	0.0	89	91	2	0.0
orthogroup_1423	4	8	8	8	1.0	0	98.5	116.0	98	99	1	0.5	116	116	0	0.0
orthogroup_1423	5	8	8	8	1.0	0	143.0	160.0	143	144	1	0.0	158	161	3	1.0
orthogroup_1424	1	8	8	8	1.0	0	5.0	20.0	5	5	0	0.0	19	20	1	0.0
orthogroup_1424	2	8	8	8	1.0	0	30.0	50.0	30	31	1	0.0	48	50	2	0.0
orthogroup_1424	3	8	8	8	1.0	0	63.0	78.0	63	63	0	0.0	77	78	1	0.0
orthogroup_1424	4	8	8	8	1.0	0	92.0	106.0	90	93	3	0.0	106	107	1	0.0
orthogroup_1424	5	8	8	8	1.0	0	118.0	134.0	118	118	0	0.0	134	134	0	0.0
orthogroup_1424	6	8	8	8	1.0	0	149.0	162.5	149	150	1	0.0	162	163	1	0.5
orthogroup_1424	7	8	8	8	1.0	0	171.0	185.5	171	172	1	0.0	185	186	1	0.5
orthogroup_1427	1	8	8	8	1.0	0	9.0	26.0	9	10	1	0.0	26	26	0	0.0
orthogroup_1427	2	8	8	8	1.0	0	44.0	61.5	43	44	1	0.0	61	64	3	0.5
orthogroup_1427	3	8	8	8	1.0	0	77.0	96.0	77	79	2	0.0	94	97	3	1.0
orthogroup_1427	4	8	8	8	1.0	0	104.0	124.0	104	104	0	0.0	123	124	1	0.0
orthogroup_1428	1	8	8	8	1.0	0	25.0	45.5	25	25	0	0.0	41	46	5	0.5
orthogroup_1428	4	8	8	8	1.0	0	95.0	112.0	94	96	2	0.0	112	113	1	0.0
orthogroup_1428	5	8	8	8	1.0	0	123.0	142.0	123	124	1	0.0	141	143	2	0.0
orthogroup_1428	7	8	8	8	1.0	0	167.0	182.0	166	167	1	0.0	181	183	2	1.0
orthogroup_1428	8	8	8	8	1.0	0	187.5	206.0	187	189	2	0.5	204	207	3	0.5
orthogroup_1433	1	8	8	8	1.0	0	17.0	37.0	17	17	0	0.0	37	38	1	0.0
orthogroup_1433	2	8	8	8	1.0	0	57.5	79.0	57	58	1	0.5	77	79	2	0.0
orthogroup_1433	3	8	8	8	1.0	0	132.0	150.0	132	133	1	0.0	150	150	0	0.0
orthogroup_1433	4	8	8	8	1.0	0	157.0	175.0	156	157	1	0.0	175	175	0	0.0
orthogroup_1433	5	8	8	8	1.0	0	238.0	258.0	238	239	1	0.0	256	258	2	0.0
orthogroup_1433	6	8	8	8	1.0	0	275.0	295.0	275	276	1	0.0	295	295	0	0.0
orthogroup_1434	1	8	8	8	1.0	0	11.0	31.0	10	11	1	0.0	30	31	1	0.0
orthogroup_1434	2	8	8	8	1.0	0	45.0	66.5	45	47	2	0.0	66	67	1	0.5
orthogroup_1434	3	8	8	8	1.0	0	74.0	91.0	74	74	0	0.0	90	93	3	0.0
orthogroup_1434	4	8	8	8	1.0	0	98.0	117.0	98	99	1	0.0	117	117	0	0.0
orthogroup_1434	5	8	8	8	1.0	0	132.0	153.0	132	133	1	0.0	150	153	3	0.0
orthogroup_1434	6	8	8	8	1.0	0	165.0	184.0	161	166	5	0.0	178	184	6	0.0
orthogroup_1434	7	8	8	8	1.0	0	211.5	231.0	211	212	1	0.5	231	232	1	0.0
orthogroup_1434	8	8	8	8	1.0	0	248.0	267.5	246	249	3	1.0	267	268	1	0.5
orthogroup_1434	9	8	8	8	1.0	0	275.0	293.5	274	276	2	0.0	292	294	2	0.5
orthogroup_1434	10	8	8	8	1.0	0	300.0	322.0	300	300	0	0.0	320	323	3	1.0
orthogroup_1434	11	8	8	8	1.0	0	334.0	354.0	334	334	0	0.0	353	356	3	1.0
orthogroup_1434	12	8	8	8	1.0	0	365.0	384.0	365	366	1	0.0	383	384	1	0.0
orthogroup_1441	1	8	8	8	1.0	0	23.0	43.0	20	23	3	0.0	43	43	0	0.0
orthogroup_1441	2	8	8	8	1.0	0	65.0	82.0	62	66	4	1.0	81	85	4	1.0
orthogroup_1441	3	8	8	8	1.0	0	139.5	157.0	135	140	5	0.5	156	158	2	0.0
orthogroup_1441	4	8	8	8	1.0	0	163.0	185.0	162	163	1	0.0	183	185	2	0.0
orthogroup_1441	5	8	8	8	1.0	0	247.0	264.0	244	247	3	0.0	263	267	4	0.0
orthogroup_1441	6	8	8	8	1.0	0	283.0	303.0	281	284	3	1.0	301	303	2	0.0
orthogroup_1442	1	8	8	8	1.0	0	18.0	38.0	18	19	1	0.0	38	39	1	0.0
orthogroup_1442	2	8	8	8	1.0	0	59.5	80.0	58	60	2	0.5	80	81	1	0.0
orthogroup_1442	3	8	8	8	1.0	0	134.0	152.0	134	135	1	0.0	152	153	1	0.0
orthogroup_1442	4	8	8	8	1.0	0	158.0	180.0	157	159	2	0.0	179	180	1	0.0
orthogroup_1442	5	8	8	8	1.0	0	236.0	256.0	236	239	3	0.0	256	259	3	0.0
orthogroup_1442	6	8	8	8	1.0	0	278.0	300.0	276	279	3	0.5	298	301	3	0.5
orthogroup_1444	1	8	8	8	1.0	0	31.0	50.0	30	31	1	0.0	50	51	1	0.0
orthogroup_1444	2	8	8	8	1.0	0	73.0	91.0	72	74	2	0.5	91	91	0	0.0
orthogroup_1444	3	8	8	8	1.0	0	103.0	120.0	103	103	0	0.0	120	120	0	0.0
orthogroup_1444	4	8	8	8	1.0	0	140.0	159.0	139	140	1	0.0	159	162	3	0.0
orthogroup_1444	5	8	8	8	1.0	0	177.0	196.0	174	177	3	0.0	193	197	4	0.5
orthogroup_1444	6	8	8	8	1.0	0	215.0	232.0	215	215	0	0.0	232	233	1	0.0
orthogroup_1444	7	8	8	8	1.0	0	275.0	292.0	274	275	1	0.0	291	292	1	0.0
orthogroup_1444	8	8	8	8	1.0	0	308.0	328.0	307	310	3	0.5	328	328	0	0.0
orthogroup_1444	9	8	8	8	1.0	0	334.0	354.0	334	336	2	0.0	353	354	1	0.0
orthogroup_1444	10	8	8	8	1.0	0	361.0	379.5	359	361	2	0.0	379	382	3	0.5
orthogroup_1444	11	8	8	8	1.0	0	397.0	416.0	396	397	1	0.0	416	417	1	0.0
orthogroup_1444	12	8	8	8	1.0	0	431.0	446.0	430	431	1	0.0	446	446	0	0.0
orthogroup_1446	1	8	8	8	1.0	0	9.0	30.0	8	10	2	0.5	30	30	0	0.0
orthogroup_1446	2	8	8	8	1.0	0	39.0	56.0	38	39	1	0.0	56	56	0	0.0
orthogroup_1446	3	8	8	8	1.0	0	82.0	103.0	82	82	0	0.0	103	106	3	0.0
orthogroup_1446	4	8	8	8	1.0	0	115.0	129.0	115	115	0	0.0	129	129	0	0.0
orthogroup_1446	5	8	8	8	1.0	0	135.0	156.0	135	135	0	0.0	155	159	4	0.0
orthogroup_1446	6	8	8	8	1.0	0	176.0	197.0	175	176	1	0.0	197	197	0	0.0
orthogroup_1446	7	8	8	8	1.0	0	209.5	228.0	208	211	3	1.5	228	228	0	0.0
orthogroup_1446	8	8	8	8	1.0	0	256.0	277.0	256	257	1	0.0	277	281	4	0.0
orthogroup_1446	9	8	8	8	1.0	0	289.5	303.5	289	290	1	0.5	303	305	2	0.5
orthogroup_1446	10	8	8	8	1.0	0	311.0	332.0	310	314	4	0.0	331	332	1	0.0
orthogroup_1450	1	8	8	8	1.0	0	21.0	39.0	20	21	1	0.0	36	40	4	0.0
orthogroup_1450	2	8	8	8	1.0	0	71.0	91.0	71	75	4	0.0	91	91	0	0.0
orthogroup_1450	3	8	8	8	1.0	0	104.0	119.0	103	104	1	0.0	118	119	1	0.0
orthogroup_1450	4	8	8	8	1.0	0	129.0	148.0	129	129	0	0.0	148	148	0	0.0
orthogroup_1450	5	8	8	8	1.0	0	160.0	177.0	158	160	2	0.0	177	178	1	0.0
orthogroup_1450	6	8	8	8	1.0	0	204.5	220.0	204	206	2	0.5	220	221	1	0.0
orthogroup_1450	7	8	8	8	1.0	0	248.0	264.0	248	248	0	0.0	264	265	1	0.0
orthogroup_1450	8	8	8	8	1.0	0	266.0	275.5	266	267	1	0.0	275	278	3	0.5
orthogroup_1450	9	8	8	8	1.0	0	292.0	308.0	291	292	1	0.0	308	308	0	0.0
orthogroup_1450	10	8	8	8	1.0	0	318.0	332.0	317	318	1	0.0	332	333	1	0.0
orthogroup_1451	1	8	8	8	1.0	0	7.0	24.0	4	8	4	0.5	23	24	1	0.0
orthogroup_1451	2	8	8	8	1.0	0	44.0	64.5	43	44	1	0.0	64	66	2	0.5
orthogroup_1451	3	8	8	8	1.0	0	74.0	88.0	74	74	0	0.0	88	89	1	0.0
orthogroup_1451	4	8	8	8	1.0	0	119.0	139.0	118	119	1	0.0	139	143	4	0.0
orthogroup_1451	5	8	8	8	1.0	0	155.5	172.0	153	156	3	0.5	170	173	3	0.5
orthogroup_1451	6	8	8	8	1.0	0	174.0	192.5	172	175	3	0.5	191	196	5	1.0
orthogroup_1451	7	8	8	8	1.0	0	235.0	249.5	232	235	3	0.0	249	253	4	0.5
orthogroup_1451	8	8	8	8	1.0	0	269.0	286.0	267	269	2	0.0	286	287	1	0.0
orthogroup_1451	9	8	8	8	1.0	0	327.0	348.0	321	328	7	1.0	348	350	2	0.0
orthogroup_1451	10	8	8	8	1.0	0	369.0	386.0	369	370	1	0.0	386	389	3	0.0
orthogroup_1451	11	8	8	8	1.0	0	398.0	415.0	397	398	1	0.0	415	416	1	0.0
orthogroup_1451	12	8	8	8	1.0	0	426.5	443.5	425	427	2	0.5	443	444	1	0.5
orthogroup_1451	13	8	8	8	1.0	0	467.5	484.0	464	469	5	1.0	484	487	3	0.0
orthogroup_1455	1	8	8	8	1.0	0	196.0	210.0	196	196	0	0.0	210	211	1	0.0
orthogroup_1455	2	8	8	8	1.0	0	253.0	270.0	252	253	1	0.0	267	270	3	0.0
orthogroup_1455	3	8	8	8	1.0	0	276.0	292.5	276	276	0	0.0	292	293	1	0.5
orthogroup_1455	4	8	8	8	1.0	0	303.0	317.0	303	304	1	0.0	316	317	1	0.0
orthogroup_1455	5	8	8	8	1.0	0	334.0	347.0	332	334	2	0.0	347	348	1	0.0
orthogroup_1455	6	8	8	8	1.0	0	354.0	370.0	353	354	1	0.0	369	370	1	0.0
