permutation	start_qualifying_units	start_median_variance	end_qualifying_units	end_median_variance	center_qualifying_units	center_median_variance
1	25	3257.5833333333335	30	3118.3333333333335	31	3084.75
2	45	420.3333333333333	41	772.0	41	683.0833333333334
3	30	2465.791666666667	35	2408.3333333333335	33	2408.3333333333335
4	36	1948.2916666666665	32	1976.9583333333335	30	3498.166666666667
5	30	3661.666666666667	25	3947.5833333333335	28	2702.375
6	39	954.75	31	1417.0	33	1392.9166666666667
7	22	2265.041666666667	21	2324.25	23	1509.0833333333333
8	29	924.9166666666666	30	874.3333333333334	32	890.0416666666667
9	28	1419.3333333333335	26	820.9583333333333	27	987.5833333333334
10	26	2821.78125	29	892.3333333333334	28	1548.375
11	35	3082.4166666666665	36	1531.5416666666665	34	2467.489583333333
12	27	2864.3333333333335	27	2791.0	25	2864.3333333333335
13	37	1256.3333333333333	38	1134.7666666666667	33	1248.25
14	23	1984.0	23	1584.3333333333333	21	1712.7291666666667
15	28	1043.03125	26	883.53125	28	870.8333333333333
16	23	4481.333333333333	25	1836.3333333333333	26	3016.2541666666666
17	27	2600.8	24	1775.55	24	2277.416666666667
18	32	2271.9583333333335	37	1797.25	38	1499.6145833333335
19	27	3190.9166666666665	27	2855.0	26	2242.0833333333335
20	26	3416.90625	29	1640.7291666666667	25	3268.0
21	32	2291.8333333333335	29	2286.0833333333335	28	3708.5041666666666
22	30	2770.9375	27	3558.8958333333335	27	4436.5
23	33	1887.0	32	2583.65	31	1887.0
24	30	1796.1666666666667	27	2667.0	26	2803.3333333333335
25	35	1642.3333333333333	31	1884.3	34	1226.78125
26	30	2861.5	31	3311.5833333333335	32	1924.0416666666665
27	28	1206.1666666666667	23	3370.3333333333335	27	1915.8333333333333
28	27	1777.3333333333333	32	644.6979166666666	27	1304.3333333333333
29	40	1243.6875	41	1017.3333333333334	41	1051.0
30	33	2620.3333333333335	30	2727.0	33	2709.6666666666665
31	28	4232.3125	31	3284.6666666666665	31	3608.5625
32	29	1197.5833333333333	32	887.6666666666667	30	999.4583333333333
33	25	2958.95	25	1936.6666666666667	26	2183.6125
34	28	2132.4666666666667	31	2514.3333333333335	29	2473.559523809524
35	28	982.9166666666667	27	752.3333333333334	27	1139.25
36	32	2163.5729166666665	30	1658.625	32	1862.6145833333333
37	30	975.6666666666666	30	1722.0416666666665	28	1784.6666666666665
38	19	2915.0833333333335	20	2426.291666666667	20	2426.291666666667
39	31	2679.0	35	2217.25	31	2679.0
40	30	583.9583333333334	26	418.625	28	571.4583333333334
41	27	2653.0	33	1846.8	30	2413.791666666667
42	32	537.4583333333334	27	793.0	29	744.0625
43	29	1036.0	27	1951.0	27	1320.5625
44	26	3855.333333333333	25	2798.25	28	2676.40625
45	41	2028.0	37	598.0833333333334	38	1944.1666666666665
46	22	2615.4416666666666	23	3079.75	23	3263.25
47	27	2440.3333333333335	31	1840.3333333333333	28	2678.2083333333335
48	29	1908.3333333333333	34	1676.8333333333333	31	1534.75
49	28	3798.9583333333335	26	3132.8333333333335	26	3816.9583333333335
50	24	1990.2083333333335	23	1839.0	24	1622.9583333333333
51	21	3983.8958333333335	24	3024.916666666667	24	3024.916666666667
52	28	1231.8333333333333	28	1087.4583333333333	26	1284.3333333333333
53	28	669.1666666666667	24	854.8333333333334	25	696.5833333333334
54	28	3599.25	29	2372.5625	27	4214.75
55	31	2368.0	30	1464.5416666666665	29	1797.25
56	31	3081.5833333333335	29	2097.5833333333335	29	2235.4666666666667
57	29	1267.0	30	2280.0875	28	2268.2541666666666
58	26	2140.666666666667	20	1838.0416666666665	23	1201.0
59	30	313.16666666666663	28	462.45833333333337	30	281.8333333333333
60	25	2329.0	26	1690.0	30	642.85
61	27	2923.0	27	2160.0833333333335	24	3138.4895833333335
62	28	2318.9583333333335	26	2155.4583333333335	27	2104.75
63	27	4516.083333333333	26	3858.40625	29	3324.4166666666665
64	26	1332.6666666666665	23	1896.3333333333333	25	1896.3333333333333
65	29	1061.6666666666667	28	571.4583333333334	29	1061.6666666666667
66	30	3120.65625	31	2256.5625	31	2303.75
67	29	4466.583333333333	30	3287.7083333333335	30	3167.041666666667
68	30	1151.9583333333335	29	1158.3333333333333	29	1140.6666666666667
69	24	4184.1	24	3615.114583333333	22	4343.697916666666
70	29	1365.5833333333333	23	1394.9166666666667	26	1618.5833333333335
71	32	1277.3333333333333	31	1452.0	30	1496.1666666666665
72	24	886.4583333333333	24	328.16666666666663	26	425.8333333333333
73	31	1608.25	32	1388.7916666666665	31	2378.25
74	31	1198.8416666666667	33	972.25	33	991.0833333333334
75	24	1981.5416666666667	26	1948.2083333333335	22	2847.2083333333335
76	26	1452.1666666666665	23	800.3333333333334	24	1212.1666666666665
77	32	1581.3333333333333	36	1371.625	35	1333.0
78	31	2069.3333333333335	29	1845.4166666666667	29	2076.0833333333335
79	27	749.5833333333334	26	628.5	30	634.40625
80	27	2896.9166666666665	28	2829.291666666667	28	2853.166666666667
81	24	3120.666666666667	24	954.9166666666667	24	1520.0833333333335
82	22	2780.416666666667	22	1597.275	24	1141.6666666666665
83	36	1072.7083333333333	32	1242.4416666666666	31	1160.0833333333333
84	30	2182.447916666667	28	2213.3125	27	2418.925
85	31	1742.3333333333333	33	1602.5833333333333	32	1788.125
86	34	521.4583333333334	37	533.3333333333334	38	518.28125
87	28	3331.75	27	3710.3333333333335	29	3020.3690476190477
88	26	2222.208333333333	22	1835.8333333333335	23	1946.6416666666667
89	30	1298.7083333333333	29	869.25	31	897.5833333333334
90	32	1673.3333333333333	28	3905.0666666666666	30	1763.0416666666665
91	26	3103.8791666666666	26	1140.6666666666665	28	1215.7083333333333
92	27	2297.5625	24	3063.4583333333335	26	2674.041666666667
93	27	1734.3333333333333	23	1725.6666666666667	25	1743.5625
94	34	1707.7916666666665	38	1095.0166666666667	36	1800.2916666666665
95	30	1929.5416666666667	21	3104.2	28	2259.9583333333335
96	29	1908.3333333333333	33	1192.3333333333333	31	1890.0833333333333
97	24	2260.666666666667	23	2324.3333333333335	21	2485.75
98	30	1853.9583333333335	27	2176.75	30	1558.5729166666665
99	23	2994.3333333333335	23	2149.0	25	1690.9166666666667
100	32	1913.5833333333333	38	1443.0	32	2767.625
101	32	1665.5708333333332	30	1569.8875	29	1716.8416666666667
102	27	2859.25	28	2537.25	27	2648.3
103	32	2256.625	33	1501.0	31	2200.9166666666665
104	28	992.1666666666667	29	641.5833333333334	28	1002.3645833333333
105	28	2007.5416666666667	23	1861.3333333333333	27	1886.0833333333333
106	27	1007.5833333333334	24	1105.425	25	969.675
107	33	3459.6666666666665	28	4069.65625	32	3609.9479166666665
108	28	2615.145833333333	25	2500.5625	26	2612.8125
109	29	826.3333333333334	27	1459.0	28	1138.5166666666667
110	24	3873.65	25	3158.5	23	3565.2
111	34	1939.625	33	1849.3333333333333	33	1888.2291666666667
112	35	950.0	31	936.8958333333334	32	906.6416666666667
113	30	2598.791666666667	35	1064.3333333333333	32	2570.75
114	32	733.3333333333334	35	681.2291666666666	34	589.7916666666667
115	30	2435.958333333333	33	1557.7	31	1557.7
116	28	1817.4625	25	1423.0	27	1816.0833333333333
117	37	1323.0	36	657.625	34	814.8333333333334
118	19	3488.9166666666665	23	1178.0833333333333	20	3218.0
119	31	1978.6666666666667	29	1852.3333333333333	33	1829.3333333333333
120	27	1568.9166666666667	27	2217.0	27	1574.6666666666667
121	33	3486.5	32	3486.8333333333335	32	3535.7083333333335
122	30	1020.5	26	1085.9479166666665	27	1109.4166666666667
123	29	1028.25	28	1355.2083333333333	29	1545.25
124	31	2854.3333333333335	26	3178.9583333333335	30	3961.947916666667
125	32	1642.35	30	1083.53125	30	1659.0625
126	30	2305.791666666667	27	2548.0	33	1876.3333333333333
127	27	954.9166666666666	21	1057.0	23	1073.5833333333333
128	26	1998.5583333333334	31	870.3333333333334	29	1201.5833333333333
129	27	1524.25	24	1962.1979166666665	25	1596.0
130	34	1188.9583333333333	28	1963.6145833333335	29	1856.8958333333333
131	28	1580.15	27	870.3333333333334	26	1045.03125
132	32	2118.820833333333	31	2200.25	33	1743.0833333333333
133	35	1617.3333333333333	35	500.3333333333333	34	1875.5
134	29	316.0	23	262.3333333333333	27	1792.0
135	26	2067.6666666666665	33	1141.0	26	2067.6666666666665
136	28	1801.6666666666665	37	964.0	30	1807.75
137	32	852.9583333333334	36	724.9166666666667	36	724.9166666666667
138	28	1627.03125	25	921.0	29	911.5833333333334
139	30	920.2083333333333	37	506.5833333333333	30	922.8333333333333
140	28	4193.5	27	4642.333333333333	28	4256.166666666666
141	33	2352.3333333333335	33	1453.55	31	2783.5833333333335
142	31	2919.0	34	1060.5	33	1198.5833333333333
143	26	1954.3208333333332	23	3093.0625	25	2161.0
144	36	883.2083333333333	33	1160.0833333333333	32	1141.2083333333333
145	35	982.3333333333334	24	2685.791666666667	28	2453.4583333333335
146	33	1540.25	26	2158.791666666667	30	2138.5833333333335
147	28	854.5	26	905.3333333333333	27	581.0833333333334
148	28	2013.65625	29	914.5833333333334	27	1911.8
149	23	3674.8	24	2277.291666666667	23	2669.25
150	31	1529.8	31	1529.8	31	1529.8
151	26	732.3333333333333	25	1161.0	27	871.0
152	26	2849.458333333333	26	2822.5833333333335	26	2835.8229166666665
153	33	955.7	33	1117.5	32	1011.5416666666666
154	27	1590.3333333333333	27	1590.3333333333333	28	1590.6666666666665
155	25	1791.8	30	1258.8645833333335	25	2174.25
156	28	1701.78125	24	2570.833333333333	26	2027.7395833333335
157	33	4260.666666666667	32	2068.3333333333335	35	1989.75
158	32	4030.68125	29	3477.5833333333335	28	4474.379166666667
159	31	2182.3333333333335	33	1667.4166666666667	31	2740.75
160	26	1930.5833333333333	26	1957.35	27	2190.9166666666665
161	33	2114.3333333333335	30	1489.2916666666665	30	1545.3333333333333
162	27	1521.3333333333333	27	1204.0	25	1780.3333333333333
163	31	2377.866666666667	32	2150.6375	32	1611.2395833333335
164	34	890.6666666666667	35	1502.25	34	1339.2916666666665
165	28	2190.125	26	2194.9583333333335	22	2235.375
166	28	764.625	29	1510.3	29	931.0
167	33	1276.9166666666667	29	1300.4	31	2253.2291666666665
168	32	1057.2083333333333	30	2131.541666666667	28	3399.25
169	35	2471.5833333333335	29	2471.5833333333335	32	2345.0833333333335
170	26	675.03125	25	534.3333333333334	24	589.7916666666667
171	30	1274.3333333333333	31	1339.0	28	1452.3333333333333
172	24	3034.864583333333	30	2520.291666666667	30	2311.916666666667
173	33	513.25	32	744.2916666666667	35	481.3333333333333
174	23	5339.809523809524	23	5337.619047619048	24	5065.885714285714
175	28	556.625	28	392.5	28	555.6666666666667
176	27	2776.0833333333335	31	2380.2291666666665	29	2380.2291666666665
177	28	1538.625	28	2138.3916666666664	27	2289.2
178	44	1216.1916666666666	39	814.3333333333334	40	1446.2083333333333
179	29	2798.0833333333335	29	3891.0	29	3909.3333333333335
180	27	2413.0	27	1943.0833333333333	27	1960.3333333333333
181	26	2395.616666666667	26	2086.0	30	1442.0041666666666
182	33	1461.0	31	1496.3333333333333	32	1319.6979166666667
183	25	4494.333333333333	24	2092.8333333333335	26	3358.833333333333
184	26	3041.9	25	3081.7	21	3464.9166666666665
185	30	1461.9583333333333	24	2753.2395833333335	23	3474.9166666666665
186	33	1651.0	32	1012.78125	33	1005.8333333333334
187	29	2269.0	28	1939.6666666666665	27	2269.0
188	27	1692.3333333333333	33	1184.7291666666667	31	1147.0
189	30	1307.9583333333333	25	1342.9166666666667	28	1637.875
190	33	1953.0	28	1429.3333333333333	29	1980.75
191	28	2312.947916666667	31	2124.5625	32	2312.916666666667
192	31	2775.5833333333335	32	2496.489583333333	30	2700.322916666667
193	22	4680.166666666666	25	3031.0	28	3168.1
194	30	2759.125	30	2567.958333333333	29	2779.8333333333335
195	27	3084.3333333333335	28	1487.2083333333335	29	1803.3333333333333
196	30	1220.3333333333333	26	1814.375	27	1539.0
197	31	1359.5833333333333	31	1192.05	32	1140.7916666666665
198	26	1152.6416666666667	26	1284.75	25	967.175
199	31	2347.3333333333335	28	3666.666666666667	32	1951.0729166666665
200	26	1267.3333333333333	31	1124.3333333333333	29	1176.5833333333333
201	23	3844.0	24	3631.825	24	3724.6416666666664
202	27	891.7	27	891.7	26	1290.275
203	29	1681.2291666666667	29	1666.3	29	1666.3
204	33	1737.0	33	1772.3333333333333	34	1649.4583333333333
205	21	3120.25	24	1822.6666666666665	24	1839.4583333333333
206	32	1075.1666666666667	27	1327.0	32	687.5833333333334
207	32	735.0	35	436.5833333333333	34	399.5833333333333
208	34	1601.6666666666665	28	2208.9583333333335	28	2366.916666666667
209	28	1205.3333333333333	29	871.0	29	1020.5833333333334
210	31	1596.3333333333333	32	1332.9583333333335	29	1466.0
211	26	2224.93125	28	1615.8166666666666	28	1502.90625
212	21	3420.325	20	5239.083333333334	24	4839.833333333333
213	23	4500.916666666667	27	3523.0	22	3984.458333333333
214	28	2679.8333333333335	30	2686.8333333333335	34	2302.7083333333335
215	33	778.0833333333334	32	829.0166666666667	31	1486.2
216	26	2155.166666666667	23	2204.25	25	2204.25
217	30	693.2083333333334	30	619.0833333333334	29	709.0833333333334
218	28	2073.3333333333335	32	1265.9166666666665	30	1674.5833333333333
219	24	2113.65625	25	4363.0	23	2545.0625
220	31	767.5833333333334	32	1770.3645833333335	30	2351.2395833333335
221	19	3925.6666666666665	21	3473.6666666666665	21	3584.3333333333335
222	24	2063.8333333333335	21	1036.0	25	1547.2291666666667
223	24	2952.9583333333335	30	1231.3333333333333	25	2859.5
224	35	2107.0	36	1696.0	35	2121.5833333333335
225	28	2522.5270833333334	31	2087.2291666666665	29	2568.0833333333335
226	40	1395.2916666666665	34	1610.65	36	1604.525
227	23	1750.25	28	874.7083333333334	25	1470.375
228	30	2116.9583333333335	26	2360.5833333333335	29	2310.75
229	29	1524.0	28	1963.0729166666665	30	738.5416666666667
230	36	995.6666666666666	33	1102.3333333333333	34	1149.6041666666665
231	33	969.3333333333334	31	739.0	30	1532.8333333333333
232	28	1436.125	25	1009.75	23	4262.25
233	32	726.4166666666666	30	428.89166666666665	31	445.2
234	24	3601.85	21	2701.0	21	3197.6666666666665
235	25	1202.3333333333333	27	387.6666666666667	24	462.70833333333337
236	31	3055.5833333333335	29	2112.75	30	2275.15
237	28	1697.0666666666666	27	2362.3333333333335	28	2264.0666666666666
238	27	3791.0	25	3196.8333333333335	28	3830.7854166666666
239	23	1220.0833333333333	26	804.6666666666667	21	1057.0
240	27	2396.3333333333335	26	2027.9583333333335	29	1582.9166666666667
241	31	2017.0	28	1303.8229166666665	28	997.6666666666667
242	20	2429.28125	23	1833.5833333333333	23	1845.7291666666667
243	22	1804.53125	22	1912.53125	22	1943.53125
244	27	931.5833333333334	25	952.6666666666666	27	843.0833333333334
245	30	1208.1666666666667	27	1020.3333333333334	27	1468.0833333333333
246	25	1957.3333333333333	22	1447.0895833333334	22	1628.1666666666665
247	28	1003.7541666666666	28	1623.625	28	1122.6666666666665
248	35	485.3333333333333	31	485.3333333333333	31	623.5833333333334
249	21	2349.0833333333335	26	2792.041666666667	22	3276.833333333333
250	34	1362.9895833333335	38	909.8333333333334	37	1573.0833333333333
251	28	4307.225	29	1542.3333333333333	28	1594.2041666666667
252	31	1106.3958333333333	32	1498.25	27	1762.5833333333333
253	26	1003.7395833333333	32	1087.40625	29	1015.2291666666666
254	29	1339.0	28	1081.15625	27	840.1666666666666
255	34	1084.9583333333333	30	1707.65625	29	1644.0833333333333
256	29	990.3333333333334	33	990.3333333333334	32	450.66666666666663
257	28	937.625	28	937.625	25	1461.5833333333333
258	29	1312.3333333333333	28	1091.375	25	2771.8
259	33	1359.7291666666667	34	2146.666666666667	36	1661.3645833333335
260	27	2134.3333333333335	28	1111.0416666666667	24	2345.2083333333335
261	27	1744.3333333333333	24	2150.5	25	2076.4166666666665
262	31	447.25	32	558.5416666666667	34	598.9479166666667
263	31	2830.3333333333335	28	3035.541666666667	30	3035.541666666667
264	19	3306.3333333333335	23	2316.25	18	4353.316666666667
265	26	827.49375	28	839.8125	27	2495.0833333333335
266	28	1817.3333333333333	31	816.3333333333334	25	1887.7291666666667
267	27	1924.0	27	1924.0	27	1756.25
268	26	1023.1666666666666	28	1216.9479166666665	27	1209.3333333333333
269	26	2172.225	26	1809.5416666666665	23	2069.45
270	25	845.6666666666666	27	891.3333333333334	24	1058.0666666666666
271	31	2179.3	33	2203.5	34	2022.2041666666664
272	28	778.4583333333333	33	688.0	30	689.2916666666667
273	28	2180.1833333333334	30	1924.0	32	2025.8333333333333
274	23	1545.3333333333333	21	3490.3333333333335	21	1596.0
275	24	924.1666666666667	25	1192.3333333333333	22	1455.1666666666665
276	29	1228.0	34	1170.125	32	1191.03125
277	30	1624.1145833333333	28	1976.9583333333333	29	2687.3333333333335
278	31	1430.0	32	1005.5	31	1061.3333333333333
279	28	2702.0666666666666	29	2022.3333333333333	33	1785.25
280	32	2112.5	33	572.25	35	572.25
281	27	1010.3333333333334	29	441.0	26	637.4166666666667
282	28	202.29166666666669	29	620.3333333333334	27	321.3333333333333
283	27	1861.5	24	1564.25	25	1861.5
284	26	1229.1666666666665	28	1156.0833333333333	27	1033.3333333333333
285	35	2089.0	39	1120.3333333333333	38	1357.3333333333333
286	22	2009.03125	25	1542.3333333333333	25	1569.25
287	29	927.5833333333334	28	442.0833333333333	25	1651.7291666666667
288	27	1044.3333333333333	24	1259.3333333333333	28	972.0833333333334
289	26	1904.3333333333333	28	921.1666666666666	24	2040.2083333333333
290	30	2748.541666666667	31	1711.5625	29	2662.75
291	27	1413.5	26	1885.0	27	1396.875
292	27	1889.3333333333333	29	1922.3333333333333	25	2516.0833333333335
293	25	945.25	28	294.5	24	561.5
294	30	2936.864583333333	25	3269.5625	29	3257.1666666666665
295	27	3105.0	26	2720.666666666667	27	3105.0
296	31	1062.3333333333333	30	2097.833333333333	31	1795.0833333333333
297	33	1457.3333333333333	29	2821.0	32	1463.2083333333333
298	30	1470.5416666666665	25	388.5833333333333	29	388.0833333333333
299	36	1604.525	35	908.3333333333334	32	1461.9416666666666
300	24	3028.5	28	2115.916666666667	27	2032.0
301	31	2197.3333333333335	36	1602.0416666666665	34	1584.9583333333333
302	32	1151.9166666666665	29	826.25	31	1504.3333333333333
303	29	1429.3333333333333	27	1201.0	28	1868.7541666666666
304	30	1957.25	29	1440.25	36	932.0
305	31	1808.3333333333333	33	940.6666666666666	29	1816.75
306	34	1380.4583333333333	31	2181.3333333333335	29	2206.75
307	23	4382.625	26	2421.0666666666666	22	3797.208333333333
308	26	1923.3333333333333	22	4029.3583333333336	27	1860.9166666666667
309	30	918.15	27	952.55	25	952.55
310	31	1029.5833333333333	29	2296.75	32	1087.1666666666665
311	27	4526.083333333333	30	3466.5666666666666	28	4235.333333333333
312	32	1914.0	29	1098.0	31	1309.75
313	25	2423.575	26	1936.9583333333333	30	1950.125
314	27	2568.25	26	1949.4583333333335	26	2462.0
315	27	1200.5833333333333	26	1024.7916666666665	29	831.0
316	28	1845.0416666666665	28	982.1666666666667	28	2078.2333333333336
317	32	1410.5833333333333	36	1044.9583333333333	37	1020.9166666666666
318	30	1588.15	31	770.3333333333334	31	755.5833333333334
319	27	2604.0	22	3179.5	26	2708.9583333333335
320	28	689.7083333333334	27	859.0	29	544.75
321	32	2495.8333333333335	29	2370.3333333333335	26	2821.8333333333335
322	25	2263.0	21	2361.0	19	4647.895833333333
323	28	2016.0833333333335	29	2915.3	31	1282.3333333333333
324	27	2140.3333333333335	30	971.8499999999999	32	839.45
325	34	2290.1130952380954	29	2380.3214285714284	33	2055.8958333333335
326	22	1397.125	21	1407.25	19	1571.1666666666667
327	36	1479.1666666666665	35	1936.3333333333333	36	1466.3333333333333
328	34	2090.041666666667	33	1666.5625	31	2012.8958333333333
329	26	2893.6979166666665	30	947.6666666666667	28	2027.0666666666666
330	30	3541.0	29	1655.5833333333333	32	2315.9583333333335
331	34	1596.3333333333333	28	2968.0333333333333	33	2074.75
332	25	796.0	24	844.4583333333334	23	906.0625
333	27	1192.6666666666667	29	1689.3333333333333	28	2044.9583333333335
334	27	3983.5	27	1810.3333333333333	27	1809.25
335	28	1246.9166666666665	24	1035.8229166666667	28	727.40625
336	29	1347.5833333333333	34	1044.5416666666665	31	1295.5833333333333
337	27	819.0	31	849.3333333333334	31	556.175
338	27	1351.0	28	1751.9166666666665	31	1351.0
339	22	1602.625	24	982.9583333333333	24	1820.0729166666665
340	23	1387.7291666666667	23	933.3333333333334	22	722.0833333333334
341	30	871.8333333333334	29	1057.3333333333333	30	963.3333333333333
342	30	863.8333333333333	23	2641.3333333333335	25	1723.0
343	27	2025.25	28	676.8333333333334	23	3742.5625
344	30	981.4479166666666	28	563.6666666666667	25	941.1666666666666
345	30	1829.9083333333333	26	2540.6190476190477	29	1848.0833333333333
346	24	3125.8708333333334	24	2112.03125	23	3967.0666666666666
347	27	1934.3333333333333	27	2182.3333333333335	22	3454.8916666666664
348	26	1611.3333333333333	24	834.53125	24	1354.6666666666665
349	32	2166.583333333333	38	1840.625	32	2185.53125
350	30	1569.4895833333335	28	1733.1666666666665	29	1421.5833333333333
351	30	890.8333333333333	31	819.0	30	708.9583333333334
352	33	1010.2291666666666	33	448.25	30	1053.875
353	28	3688.40625	28	3167.28125	27	3700.0
354	31	1474.0833333333333	29	1351.5833333333333	28	2455.025
355	30	3518.4583333333335	30	2713.2083333333335	27	3892.5833333333335
356	36	1450.4583333333333	34	1351.7291666666665	32	1921.3291666666667
357	23	3712.3333333333335	22	1807.25	21	2704.4666666666667
358	24	3911.1041666666665	31	2212.0	26	3870.9541666666664
359	32	1485.6145833333335	30	2036.125	32	1764.7916666666665
360	28	2586.041666666667	26	4097.641666666666	25	4041.3333333333335
361	31	1654.3333333333333	28	1554.6666666666665	31	1631.5833333333333
362	29	2990.3333333333335	27	3072.3333333333335	27	3473.0833333333335
363	25	1889.3333333333333	30	1532.0166666666667	28	1548.3916666666667
364	21	4333.0	28	1588.7916666666665	27	3997.2291666666665
365	37	1490.0833333333333	27	2374.0833333333335	31	2317.75
366	29	2181.0	23	3761.3333333333335	25	3754.3333333333335
367	34	1082.5	38	977.78125	37	651.5833333333334
368	29	2397.4166666666665	31	1479.0	31	1641.0
369	27	2802.0	31	2122.5833333333335	29	2739.25
370	31	2575.2291666666665	33	2538.25	33	2534.9166666666665
371	27	817.0	28	966.6666666666666	25	1057.3333333333333
372	32	2287.9583333333335	32	2119.8229166666665	30	2325.9583333333335
373	27	1836.3333333333333	31	856.3333333333334	29	1553.25
374	27	1089.2	24	918.1666666666667	23	1114.55
375	25	1942.9166666666667	25	1503.25	24	2146.989583333333
376	34	1205.4583333333333	32	1013.6666666666666	33	1267.0
377	20	5341.991666666667	27	909.5833333333334	24	1892.5833333333335
378	31	1317.0	32	903.3333333333333	32	907.375
379	29	1554.8958333333333	24	1611.9479166666665	25	710.5833333333334
380	26	3466.989583333333	29	2071.0	26	2768.15625
381	26	2591.1666666666665	28	1798.625	27	1714.3333333333333
382	27	960.3333333333334	29	1171.825	28	999.65625
383	25	2931.5833333333335	26	2278.375	27	2311.5833333333335
384	23	2979.5833333333335	26	1970.6145833333335	26	2049.666666666667
385	22	2990.5833333333335	28	1305.5416666666665	25	2238.25
386	24	2809.5875	24	1091.975	23	1066.3333333333333
387	25	2111.8	29	1609.7	27	2225.2
388	22	1403.28125	26	1398.1145833333333	24	1072.9895833333333
389	32	2994.197916666667	29	3185.0625	30	3845.125
390	28	868.3333333333334	23	1734.25	29	876.0
391	34	493.29166666666663	29	2094.3333333333335	33	507.5833333333333
392	28	821.5833333333334	28	770.5	27	1627.7291666666667
393	29	3504.45	30	2705.775	27	4318.083333333333
394	22	2595.625	20	2987.9208333333336	22	2453.3125
395	32	1732.9583333333333	28	1998.3333333333335	29	2182.3333333333335
396	26	1452.5833333333335	23	1746.3333333333333	24	1532.5
397	29	952.3333333333334	29	643.0	32	613.0416666666667
398	25	2764.7291666666665	26	2009.6666666666665	23	3416.0
399	30	762.9583333333334	28	826.9583333333334	25	883.75
400	30	760.7916666666666	31	1222.8333333333333	27	1222.8333333333333
401	31	325.0	29	512.5833333333334	29	537.5833333333334
402	30	1860.8166666666666	37	571.0	33	1501.5833333333333
403	28	1976.2916666666665	26	1735.1666666666665	26	2501.4761904761904
404	26	2359.822916666667	24	2001.0	22	2370.15625
405	29	1663.5833333333333	29	1027.0	31	1027.0
406	32	2503.666666666667	26	1004.9583333333333	29	1911.0
407	37	752.3333333333334	31	1729.0833333333333	29	2232.3333333333335
408	31	1655.0625	29	1925.0833333333333	26	3053.3333333333335
409	39	1141.0	32	1434.1666666666665	35	1472.3333333333333
410	28	1563.7916666666665	29	381.0	30	441.29166666666663
411	30	4045.6416666666664	34	2846.291666666667	28	3885.6416666666664
412	37	1988.0833333333333	39	1289.5833333333333	37	1431.25
413	22	3768.916666666667	22	2282.447916666667	22	2272.25
414	28	1841.625	26	2134.3333333333335	26	2128.7916666666665
415	29	1734.0833333333333	31	1626.75	29	1843.0
416	29	2262.3	26	2331.883333333333	24	2919.0875
417	28	1873.2083333333335	32	1149.75	31	2481.0833333333335
418	24	4587.125	26	2582.739583333333	27	3630.3333333333335
419	34	3973.4333333333334	35	3415.7	35	3386.25
420	28	2829.3333333333335	30	1458.3333333333333	27	2473.5833333333335
421	34	799.1979166666666	31	664.3333333333334	32	799.1979166666666
422	39	933.5833333333334	33	1202.3333333333333	36	1190.125
423	33	1277.5833333333333	31	589.0	27	1310.5833333333333
424	21	1781.0625	24	1683.38125	22	2689.072916666667
425	26	1896.2666666666664	27	1419.25	28	1173.4166666666665
426	27	922.3333333333334	26	2378.0	27	1303.4166666666667
427	27	1443.5	26	978.6145833333333	25	2960.5833333333335
428	28	1384.75	28	786.8333333333333	23	2526.5625
429	31	1045.6666666666667	33	1111.3333333333333	31	1078.25
430	26	876.975	25	1518.0	27	1518.0
431	29	1151.0833333333333	29	1969.3	30	1561.875
432	31	1776.2291666666667	29	1036.3333333333333	31	1015.0833333333334
433	28	1278.0416666666665	29	1363.5833333333333	27	1330.3333333333333
434	30	1493.9583333333335	28	1569.25	28	1829.3645833333333
435	30	2339.5	33	1993.0	32	2328.0
436	29	2178.55	30	2245.0166666666664	30	2201.7666666666664
437	30	2110.791666666667	30	2110.791666666667	31	2100.0
438	29	2529.3333333333335	26	4071.1666666666665	25	4674.333333333333
439	25	1008.0	26	1723.9	27	991.75
440	26	3279.166666666667	29	666.3333333333334	25	3002.3333333333335
441	32	1606.0416666666665	32	956.3333333333333	32	1160.2916666666665
442	33	1465.8333333333333	34	1179.7083333333335	33	1745.0625
443	26	978.2916666666667	26	1083.875	27	977.5833333333334
444	26	1810.1666666666665	24	1232.6666666666665	26	1799.2083333333335
445	29	1816.9166666666667	29	1843.0	30	1399.3333333333333
446	28	857.4583333333334	27	1618.5833333333333	27	1792.5833333333333
447	27	3071.45	28	1852.3645833333335	27	2989.425
448	20	3982.9333333333334	20	2902.416666666667	19	3878.375
449	25	1370.3333333333333	29	556.0	27	1075.0833333333333
450	22	2526.28125	26	2515.291666666667	24	2519.291666666667
451	26	2020.8333333333335	21	1477.0	22	2539.375
452	28	832.5	28	598.2916666666667	27	999.25
453	28	2243.8333333333335	24	3690.9166666666665	28	1699.1145833333333
454	25	4017.0	26	3202.25	26	2866.489583333333
455	28	2735.291666666667	24	3550.291666666667	27	3767.0
456	27	801.5625	26	893.4479166666667	26	748.8125
457	32	1936.6416666666667	36	2223.2	33	2666.8
458	35	3642.3333333333335	31	4289.25	34	3968.333333333333
459	31	2030.3333333333333	29	1123.0	33	1072.75
460	25	3557.2291666666665	18	3836.458333333333	19	4106.583333333333
461	22	2959.958333333333	24	3093.5	24	2794.75
462	28	2066.3333333333335	32	1907.0	31	1841.3333333333333
463	32	1584.4583333333335	38	1730.9583333333335	37	1659.75
464	29	1429.0	26	1465.7916666666665	27	1409.0833333333333
465	28	796.025	34	428.94166666666666	32	421.5625
466	24	818.03125	19	744.9166666666666	23	744.9166666666666
467	30	3650.1	26	3674.666666666667	27	3541.3
468	29	5261.666666666667	23	7091.2	26	5308.822916666666
469	28	1825.2916666666665	29	2128.0	30	1533.5729166666665
470	31	1555.2291666666667	31	915.0833333333334	35	724.0
471	27	781.6666666666666	32	674.1666666666667	26	891.4895833333334
472	31	1446.0625	33	918.25	32	1121.675
473	25	881.3333333333334	27	752.3333333333334	24	1384.5416666666665
474	25	1374.7291666666667	24	503.5	24	967.0833333333334
475	31	2340.9166666666665	33	1985.6666666666667	33	2182.3333333333335
476	24	884.3333333333333	23	1420.3333333333333	23	903.25
477	33	1732.0	29	1869.2	32	1798.2666666666667
478	32	1128.7395833333333	26	1240.6145833333333	30	1113.4895833333333
479	27	2190.25	26	1854.0	27	1442.5833333333333
480	34	1497.6666666666665	34	533.8333333333334	35	1104.25
481	21	1264.6666666666667	20	3452.125	20	2692.041666666667
482	21	4246.425	24	2624.916666666667	22	3629.5
483	24	5431.0875	29	586.3333333333334	28	1574.3333333333335
484	30	2313.9583333333335	27	2956.3333333333335	26	3663.697916666667
485	28	2649.458333333333	37	1864.0833333333333	33	1911.0
486	28	1827.0833333333333	32	1602.5	32	1757.7083333333333
487	29	817.5833333333334	27	792.3333333333334	23	931.0
488	35	677.3333333333334	31	819.0	31	1035.75
489	33	1729.0	28	2214.4333333333334	30	1928.35
490	27	1626.75	31	1321.0	25	1577.3333333333333
491	24	4398.183333333333	25	5584.666666666667	25	5584.666666666667
492	26	2217.8333333333335	28	1751.1666666666665	26	2422.291666666667
493	26	1949.3333333333333	21	2556.3333333333335	26	2214.2916666666665
494	26	3308.666666666667	29	565.75	27	737.3333333333334
495	36	1764.03125	37	1806.3333333333333	36	2178.5416666666665
496	25	2222.7	27	743.7291666666666	27	909.0833333333334
497	38	481.66666666666663	39	978.25	37	972.3333333333334
498	24	2880.666666666667	28	1928.0416666666665	24	2642.2083333333335
499	27	1376.8958333333333	27	1267.8958333333333	23	1358.3333333333333
500	30	1227.1979166666665	32	869.125	33	817.0625
501	30	2577.666666666667	30	1704.5	29	2577.0
502	35	1791.8666666666666	33	1375.2291666666667	32	2070.2708333333335
503	20	2117.9645833333334	19	3030.3333333333335	19	3475.5625
504	28	3018.1145833333335	29	2109.0	30	2301.666666666667
505	25	2344.6666666666665	23	2540.9166666666665	23	2540.9166666666665
506	25	2617.3333333333335	26	2525.3333333333335	29	2262.925
507	38	1461.4583333333333	37	2157.366666666667	37	2157.366666666667
508	29	2705.3333333333335	28	3138.3333333333335	29	2835.75
509	31	1504.75	33	508.0	29	1584.3333333333333
510	28	1150.6666666666665	28	1131.0	31	931.0
511	20	3188.6	21	3918.3333333333335	19	4969.425
512	31	761.3333333333334	28	663.6666666666667	30	657.5833333333334
513	27	1767.0	26	2636.666666666667	27	1767.0
514	34	1419.0416666666665	33	1453.0	30	2148.166666666667
515	35	1153.3333333333333	30	1256.3333333333335	33	1146.0833333333333
516	25	1912.3333333333333	32	725.8333333333334	29	810.0625
517	28	1005.53125	24	1095.625	28	655.7916666666667
518	30	1910.625	27	2694.25	27	2907.75
519	31	992.3333333333334	29	1516.6666666666667	29	1433.3333333333333
520	31	2800.0	35	1165.8333333333333	33	2010.3333333333333
521	27	1418.7291666666667	28	1947.7020833333336	30	1384.875
522	32	1732.9479166666665	31	1732.0	35	1193.25
523	22	879.3333333333334	25	904.3333333333334	22	1077.4166666666665
524	27	3296.8	26	3069.1	25	3284.55
525	29	1312.3333333333333	27	1213.5833333333333	27	1312.3333333333333
526	31	2126.0833333333335	28	2686.125	31	2580.25
527	29	1802.25	32	861.6666666666667	30	1336.625
528	29	3071.3333333333335	25	3884.3333333333335	27	3170.3958333333335
529	26	1903.125	25	1659.0	24	1831.90625
530	34	1475.9833333333333	29	1925.2291666666667	30	1807.4645833333334
531	31	2798.3958333333335	29	1397.3	32	1399.8166666666666
532	23	5392.625	26	3423.625	27	4190.583333333333
533	28	1701.8333333333333	30	1915.3333333333335	31	1464.25
534	22	833.4583333333334	21	2488.5833333333335	22	1912.5833333333335
535	36	480.0	35	928.1666666666666	34	1410.25
536	28	2498.791666666667	26	2763.041666666667	30	2443.166666666667
537	27	2490.0	24	1452.1145833333335	26	1938.5416666666667
538	31	2261.5833333333335	34	1385.1916666666666	33	1800.25
539	32	1031.6979166666667	24	2028.6979166666667	27	1818.8333333333333
540	28	1613.8333333333333	29	1819.5833333333333	31	1564.3333333333333
541	31	3167.2	31	1803.0	32	2110.875
542	33	1516.0	28	2265.666666666667	28	2255.4583333333335
543	25	3931.75	30	3320.529761904762	26	4052.1416666666664
544	25	3072.3333333333335	26	2827.666666666667	24	3893.583333333333
545	32	1001.125	30	1736.0416666666667	30	2325.8645833333335
546	29	1064.3333333333333	32	561.6666666666666	28	1338.7083333333333
547	31	1033.0	29	1640.3333333333333	28	920.7083333333334
548	27	2791.3214285714284	26	2778.559523809524	26	2789.3943452380954
549	29	2394.25	24	2716.15	29	1672.2291666666667
550	28	1917.5833333333335	23	2232.3333333333335	27	1656.0625
551	29	902.0833333333334	27	1200.9166666666667	28	897.3125
552	27	3548.9166666666665	28	2853.3333333333335	26	3001.583333333333
553	31	2389.3333333333335	30	1890.625	31	1221.8958333333333
554	33	982.3333333333334	29	982.3333333333334	30	1867.2083333333333
555	31	1413.0	35	761.3333333333334	30	1205.4166666666665
556	26	4980.933333333333	25	4653.7	26	4982.520833333333
557	32	1034.9166666666665	35	962.5833333333334	36	874.7083333333334
558	33	871.1666666666666	36	784.7083333333333	33	660.3333333333334
559	23	4295.583333333333	23	4185.083333333333	23	4239.75
560	31	2341.3333333333335	26	2842.904761904762	30	2135.3333333333335
561	26	2835.525	24	1312.3333333333333	25	1870.3333333333333
562	28	859.6666666666667	30	872.6666666666667	27	817.0
563	32	2134.0	30	1643.375	30	2137.0375
564	27	2617.3333333333335	29	1988.5833333333333	25	3895.2291666666665
565	34	530.7083333333334	36	644.2083333333334	31	638.0833333333334
566	28	1251.03125	26	1252.8645833333335	28	1251.8645833333335
567	28	2260.7083333333335	29	1074.25	23	2831.1666666666665
568	25	1379.5833333333333	23	1379.5833333333333	24	1059.25
569	22	5076.114583333334	24	2785.5166666666664	25	2133.2
570	25	1159.0	20	894.0416666666667	21	1296.0
571	23	5227.0	28	2738.3291666666664	23	5171.583333333333
572	34	1552.5	31	2310.75	33	1780.3333333333333
573	29	2173.5833333333335	26	4275.708333333333	25	2737.5833333333335
574	21	2881.0	21	3046.1666666666665	22	2680.25
575	33	1435.0	30	743.1666666666667	30	978.4583333333333
576	25	2095.0833333333335	31	1412.3333333333333	26	2255.166666666667
577	31	2053.6666666666665	29	2732.3333333333335	33	1833.4166666666667
578	26	1765.6666666666665	28	1532.8333333333333	33	1501.0
579	27	1453.5833333333333	20	1728.2916666666665	23	1613.5833333333333
580	23	4447.0	22	4908.864583333334	22	4365.35
581	25	1436.25	22	1871.4166666666665	23	2118.8
582	28	2938.6145833333335	22	2844.666666666667	23	3312.3333333333335
583	27	2548.0	27	2661.3333333333335	26	2667.666666666667
584	27	3732.3333333333335	26	2982.25	25	3756.5833333333335
585	23	2730.25	29	1767.7291666666667	25	2210.3958333333335
586	33	728.2291666666666	30	2051.5416666666665	30	2095.8645833333335
587	28	3703.309523809524	28	2628.572916666667	27	3719.5
588	33	892.0	32	665.3333333333334	34	833.4583333333334
589	35	614.9166666666666	37	566.5833333333334	36	708.9166666666667
590	40	722.2916666666667	38	1008.7916666666667	43	639.25
591	30	1139.75	32	1223.1666666666665	31	1322.3333333333333
592	31	2631.0	27	3468.3333333333335	32	2103.2916666666665
593	23	1526.25	25	1526.25	25	1526.25
594	40	2281.166666666667	33	2410.3333333333335	36	2404.791666666667
595	34	2227.5714285714284	29	3940.3333333333335	31	3623.0833333333335
596	35	897.3333333333334	30	1125.9166666666667	26	1364.75
597	27	1676.3333333333333	30	1054.0416666666665	31	626.5833333333334
598	34	589.6666666666667	34	860.53125	32	982.625
599	28	2028.8333333333335	26	2109.15625	29	1792.7291666666667
600	27	4174.333333333333	27	1936.825	27	2780.5833333333335
601	29	1957.8666666666666	30	1984.6666666666665	31	1948.0
602	28	372.54166666666663	27	1807.0	26	877.0
603	31	954.3333333333334	30	2073.3333333333335	32	1024.3333333333333
604	34	2237.9895833333335	33	1284.25	34	1670.7916666666667
605	28	3205.166666666667	29	2537.3958333333335	27	2737.5833333333335
606	27	2119.0	28	1671.4166666666665	30	1457.1979166666665
607	36	1417.6666666666665	36	1548.3333333333333	34	1826.03125
608	29	1675.0	32	2354.291666666667	28	2022.0729166666665
609	31	1626.5625	31	1282.3333333333333	34	1407.0
610	25	3682.3333333333335	25	1393.0	25	3477.0833333333335
611	22	1814.7916666666665	19	1284.6666666666667	23	1637.3333333333333
612	38	1507.6666666666665	36	1824.7083333333333	40	1570.6666666666665
613	35	529.0833333333334	29	836.2291666666666	32	835.7083333333333
614	34	711.0416666666667	29	757.75	30	674.0
615	28	4534.291666666666	27	4432.583333333333	29	2916.3333333333335
616	34	1323.8333333333333	34	1410.125	31	2304.3333333333335
617	32	2281.666666666667	28	2637.0	30	2637.0
618	24	1037.2083333333333	22	1468.0833333333333	23	1658.3333333333333
619	25	1669.3333333333333	26	1451.125	24	1630.0
620	29	2220.95	29	1999.75	33	1999.75
621	32	1873.6083333333333	29	1450.3333333333333	34	1469.9583333333333
622	32	1681.1666666666665	29	1397.4166666666667	30	1381.875
623	35	971.0833333333334	26	1267.125	27	1183.0
624	33	1947.7	33	1899.7	33	1710.3333333333333
625	34	834.3229166666667	36	427.66666666666663	33	523.0833333333334
626	32	2767.666666666667	36	2407.3333333333335	35	2100.5833333333335
627	40	709.2083333333334	35	1696.9166666666667	38	709.2083333333334
628	23	2916.1666666666665	27	2484.0833333333335	24	3324.8500000000004
629	30	729.6666666666667	29	801.0625	25	991.5833333333334
630	20	1160.3125	25	868.75	24	877.5375
631	35	2150.3333333333335	34	2089.708333333333	34	1966.5
632	22	1698.7666666666664	27	662.3333333333334	25	308.5833333333333
633	29	1626.25	28	1378.0166666666667	29	1057.0
634	27	4148.083333333333	28	3007.2083333333335	26	3007.2083333333335
635	31	1929.0	30	2900.725	27	3618.0416666666665
636	24	1995.625	25	2044.0	24	2022.75
637	27	1875.6666666666667	26	1839.1833333333334	26	1642.11875
638	21	5000.0625	22	4318.072916666666	20	6435.847916666667
639	25	487.0	29	492.3333333333333	24	886.625
640	37	1996.5625	33	1853.0833333333333	37	1856.0833333333333
641	23	1418.25	25	826.3333333333334	23	1065.0833333333333
642	34	2052.6666666666665	33	1475.3958333333333	30	2349.416666666667
643	29	3019.0	24	3835.65	30	2763.125
644	17	2726.25	21	2392.3333333333335	19	2726.25
645	35	1523.0833333333333	33	1270.0833333333333	33	1270.0833333333333
646	29	2791.0	30	1834.2666666666669	32	1389.7458333333334
647	29	1584.7291666666667	28	1233.5416666666665	27	1597.5
648	27	2010.3333333333333	28	1444.0	25	1649.3333333333333
649	29	1331.7291666666667	32	1142.2666666666667	30	1149.2041666666667
650	28	1454.9583333333335	27	1570.3333333333333	29	1550.3333333333333
651	28	1908.0416666666665	26	1308.2916666666665	25	2193.75
652	23	2593.7291666666665	23	2593.7291666666665	22	2530.2145833333334
653	25	2565.3333333333335	30	2348.0	22	4136.322916666666
654	30	3238.958333333333	26	2618.833333333333	29	2825.0
655	31	1719.7	28	3230.8333333333335	30	2798.8333333333335
656	25	2341.0	31	1994.3333333333333	29	2337.3333333333335
657	27	1356.2291666666667	32	782.375	30	849.925
658	31	1659.5833333333333	31	1545.0	34	941.9583333333333
659	29	3612.0	32	3067.4583333333335	31	2762.6666666666665
660	25	2844.0	23	3270.25	23	3296.0833333333335
661	35	1812.0625	31	1961.3	35	1938.7
662	26	2578.166666666667	24	2160.8333333333335	28	1512.9166666666665
663	28	2126.28125	33	1322.3333333333333	31	2025.3333333333333
664	28	940.1666666666667	27	1072.3333333333333	28	927.775
665	20	2142.0833333333335	22	2004.25	22	2278.916666666667
666	28	861.5833333333333	26	1771.9583333333335	22	2720.541666666667
667	28	1314.2916666666665	26	3238.291666666667	29	1519.75
668	30	1960.6	31	1033.125	32	973.7291666666667
669	33	2010.0	31	1281.0	32	1190.0
670	27	2594.3333333333335	29	906.3333333333334	28	1400.9583333333333
671	29	784.0	24	1085.8333333333333	27	761.3333333333334
672	27	2360.3333333333335	29	2667.0	30	939.53125
673	30	688.0416666666666	31	1200.3333333333333	29	2676.7291666666665
674	24	3864.1083333333336	24	3917.1083333333336	23	4281.5
675	25	7258.333333333333	25	7094.395833333333	24	7459.28125
676	29	1850.3333333333333	31	1852.0	31	1851.0833333333333
677	40	872.6291666666666	31	1108.3333333333333	35	1092.0
678	24	2567.041666666667	23	2464.3333333333335	23	2464.3333333333335
679	24	2620.166666666667	27	2523.0	23	2672.5833333333335
680	32	866.1666666666666	32	889.6666666666666	31	1157.3333333333333
681	23	3006.0	22	2738.958333333333	22	2724.1145833333335
682	28	2827.916666666667	29	2167.0	27	3018.25
683	37	1196.3333333333333	35	1354.0833333333333	35	1354.0833333333333
684	26	1541.7916666666665	27	1492.5833333333333	25	1902.25
685	25	684.6666666666666	25	630.0	27	594.0833333333334
686	23	1723.5833333333333	21	2862.8958333333335	23	2100.0
687	39	1414.3333333333333	37	2057.6666666666665	33	2593.9666666666667
688	34	1909.9166666666665	34	1313.625	37	1325.3958333333333
689	24	710.8333333333334	17	1553.7	18	1201.2083333333333
690	35	2686.25	33	2754.9166666666665	38	1862.375
691	23	2698.0833333333335	32	823.2916666666667	24	2516.0833333333335
692	28	2614.2083333333335	29	2837.3333333333335	33	1258.75
693	31	1640.0	27	2071.5625	29	1605.2291666666667
694	22	718.9583333333334	19	4874.25	20	1615.625
695	30	1270.1666666666665	32	1040.78125	32	1059.6666666666665
696	21	3314.3333333333335	27	1802.0	26	2359.6979166666665
697	25	1084.3333333333333	25	1102.3333333333333	23	1407.2291666666667
698	33	1491.5625	29	1491.5625	32	1794.4479166666667
699	26	3629.25	23	3421.75	26	1953.7916666666665
700	30	3765.2083333333335	32	1916.9583333333333	31	3680.0833333333335
701	25	1071.75	23	1935.3	22	2007.9708333333333
702	24	1147.3333333333333	24	1117.375	26	1101.0
703	23	3571.6666666666665	24	2028.3333333333335	26	1484.2604166666665
704	34	1147.3333333333333	28	1518.9583333333333	30	1498.9583333333333
705	22	1810.5	23	3639.3333333333335	25	1906.3333333333333
706	22	2237.4583333333335	26	1109.5833333333333	20	4495.572916666666
707	31	2351.2291666666665	31	1820.3333333333333	31	2373.75
708	30	2065.2	29	2758.7291666666665	29	2403.2
709	30	3889.666666666667	34	2388.15625	33	1216.75
710	23	3847.3	28	1585.9583333333333	26	1533.6666666666665
711	37	837.3333333333334	33	800.9166666666666	34	815.78125
712	20	2304.641666666667	26	1530.0416666666665	22	1812.0166666666667
713	25	1550.6666666666667	23	1744.0	29	901.5833333333334
714	37	2112.75	38	2505.7354166666664	37	2614.0833333333335
715	25	2979.0	29	1186.3333333333333	27	2325.0
716	23	3598.5833333333335	23	3598.5833333333335	25	3061.8333333333335
717	29	1061.6666666666667	28	1159.8333333333335	28	929.0833333333334
718	27	2362.9166666666665	27	630.3333333333334	29	2241.75
719	28	1765.625	28	2349.3333333333335	32	1235.0729166666665
720	42	1170.4166666666665	30	2222.5	34	2213.291666666667
721	36	1377.7083333333333	31	1321.3333333333333	33	2797.4166666666665
722	29	896.9166666666666	31	849.0	32	850.5416666666667
723	29	2209.3333333333335	29	2145.0	32	2143.7291666666665
724	21	3216.0833333333335	14	3449.166666666667	19	2445.25
725	28	1673.8229166666665	28	2014.1666666666665	31	2119.0
726	34	592.4166666666667	28	608.2125	28	827.5875000000001
727	21	3322.5833333333335	20	3449.0833333333335	18	4119.383333333333
728	34	1078.6666666666665	28	2968.625	35	567.5
729	30	1014.625	27	1875.0	30	1979.3333333333333
730	26	1882.8645833333333	26	1683.78125	27	1690.1666666666667
731	27	1714.3333333333333	24	2823.625	22	3230.61875
732	26	2978.9583333333335	28	2117.625	25	3616.3333333333335
733	36	1132.2083333333333	34	1163.7083333333333	36	977.0729166666666
734	20	2416.8083333333334	23	1716.3333333333333	19	2782.1666666666665
735	38	1218.6666666666665	35	1502.0	35	1563.25
736	29	2841.3333333333335	29	852.3333333333334	31	602.3333333333334
737	35	1288.55	28	1330.8333333333333	32	1279.0416666666665
738	31	1670.7	33	412.5625	34	645.775
739	29	1382.7291666666667	29	1659.0	29	1659.0
740	27	943.0	28	1580.8333333333335	26	1612.7916666666667
741	29	3589.0	27	3589.0	26	4196.875
742	32	533.6666666666666	31	494.3333333333333	32	564.9583333333334
743	31	1452.0	28	772.3333333333334	27	1898.5833333333333
744	27	1615.3333333333333	24	3528.916666666667	24	3571.291666666667
745	23	2745.0833333333335	27	1729.0	20	3143.322916666667
746	27	1350.3333333333333	25	1294.75	26	1222.5416666666665
747	29	1941.3333333333333	31	1912.3333333333333	31	2020.925
748	26	2268.3291666666664	23	2708.675	25	2669.2
749	30	2516.233333333333	32	1618.2083333333333	30	1654.6291666666666
750	24	2925.291666666667	29	1560.3333333333333	27	2590.3333333333335
751	27	1957.0	25	1908.3333333333333	28	2080.1666666666665
752	30	1854.15	31	1789.0	31	1789.0
753	27	2172.0	27	2369.2291666666665	28	2270.614583333333
754	31	2451.0	32	1376.875	30	1815.625
755	27	1200.0	33	783.25	33	799.0833333333334
756	26	1455.3333333333333	24	1454.6145833333333	23	1486.3333333333333
757	22	1370.25	24	772.1666666666667	25	1076.5625
758	27	885.0833333333334	30	664.0416666666667	29	885.0833333333334
759	31	1877.25	29	2046.3333333333333	29	2659.75
760	25	2364.9166666666665	26	2093.5	26	2040.9166666666665
761	29	1193.4166666666667	27	1656.2	25	1600.0833333333333
762	35	1781.7291666666667	33	1974.3333333333333	33	1781.7291666666667
763	34	2090.458333333333	36	2014.625	32	2249.166666666667
764	28	1316.4583333333335	27	1665.3333333333333	27	1656.9166666666667
765	20	2639.166666666667	26	877.3333333333333	22	2559.125
766	26	646.6666666666666	27	819.0	28	721.5
767	31	1997.8416666666667	34	1797.6666666666665	32	2027.2541666666666
768	30	1605.6666666666667	33	2006.0833333333333	32	2162.072916666667
769	29	2981.3333333333335	37	1392.575	35	2010.7
770	28	861.2083333333333	30	950.40625	28	799.9895833333333
771	33	2066.3333333333335	28	2927.75	31	3155.2291666666665
772	26	3809.197916666667	25	1909.5833333333333	27	3721.75
773	30	4321.625	28	3220.989583333333	29	2858.25
774	26	3421.229166666667	26	3498.854166666667	29	2391.0833333333335
775	35	1772.3333333333333	35	1543.0	38	1384.5416666666665
776	36	2635.40625	37	2416.0833333333335	34	2984.7291666666665
777	27	2804.6666666666665	27	2112.3333333333335	28	2462.78125
778	25	3145.2	27	2898.25	26	3020.8916666666664
779	28	1596.3208333333332	29	1185.3333333333333	29	1174.3333333333333
780	30	1954.375	30	1717.375	23	2416.0
781	28	1181.625	28	1829.0416666666667	30	1055.625
782	36	1150.3333333333333	33	679.75	34	788.1666666666667
783	25	2037.0	25	2037.0	26	1845.9479166666665
784	29	864.3333333333334	35	977.25	32	1085.7916666666665
785	28	1003.875	28	999.5	31	774.0833333333334
786	28	658.3333333333334	26	2502.375	29	654.3333333333334
787	24	1881.15625	28	1405.9416666666666	26	1898.15625
788	31	2224.0	29	2069.3333333333335	32	1787.8333333333335
789	29	2139.3958333333335	31	739.0	31	2155.2291666666665
790	32	1007.1145833333333	31	1107.5625	31	1071.7291666666667
791	22	3649.4375	26	1180.9583333333333	22	3177.208333333333
792	25	741.0	26	698.8333333333334	25	710.5833333333334
793	26	1983.6666666666667	30	790.6666666666667	27	1819.0833333333333
794	32	1488.6666666666665	28	1016.1666666666667	32	1288.5416666666665
795	26	5870.90625	30	4683.191666666667	33	4289.25
796	22	1598.625	27	1433.3333333333333	28	1049.8333333333335
797	28	2482.666666666667	33	2309.3333333333335	31	2305.3333333333335
798	17	4158.0	19	3132.3333333333335	19	3174.25
799	29	1105.45	28	1059.475	27	1079.325
800	31	1893.5833333333333	25	4646.333333333333	29	2443.0
801	28	1833.4166666666665	31	870.5833333333334	31	870.5833333333334
802	30	1178.375	28	1292.0	26	1301.3333333333333
803	25	2631.0	29	1497.3333333333333	31	1486.75
804	34	1166.6666666666665	30	1517.2916666666665	29	1764.25
805	31	2437.5833333333335	28	2733.0166666666664	29	3069.7
806	25	549.3333333333334	24	573.0	23	585.25
807	28	983.1979166666666	26	596.6666666666667	25	560.0
808	29	2410.3333333333335	30	2540.3333333333335	28	2508.9583333333335
809	33	1440.25	33	2049.6666666666665	32	2727.072916666667
810	29	454.25	31	421.3333333333333	28	430.4583333333333
811	36	1169.1666666666665	34	1503.1979166666667	35	1098.0
812	31	1174.9166666666667	34	915.78125	34	1082.5729166666667
813	24	1686.5416666666665	21	2160.7291666666665	24	1423.2916666666665
814	30	2282.2083333333335	30	2141.541666666667	31	2208.25
815	23	4076.3333333333335	31	2362.3333333333335	27	2451.0
816	34	987.6666666666666	32	1134.5	36	847.1145833333334
817	31	1409.0	39	1160.3333333333333	32	1562.2916666666665
818	20	3238.458333333333	23	1929.3333333333333	20	3275.583333333333
819	32	1057.5166666666667	29	1792.3333333333333	29	1792.3333333333333
820	25	2506.75	23	3060.2291666666665	25	3060.2291666666665
821	29	1200.0	29	1006.3333333333334	29	1090.75
822	29	720.0833333333334	27	709.0	29	1262.3333333333333
823	21	2527.0	25	982.3333333333334	21	1310.55
824	30	1411.18125	27	1500.2	32	1273.90625
825	28	1565.9583333333333	24	2456.6666666666665	25	2026.3333333333333
826	38	876.4583333333334	37	809.3333333333334	35	905.3333333333334
827	37	1484.5	36	1231.25	39	865.75
828	29	1051.0	35	676.0	31	1024.0666666666666
829	28	1490.1833333333334	34	869.53125	29	993.5833333333334
830	20	3364.291666666667	18	3187.6291666666666	21	3334.75
831	23	1131.75	26	674.9479166666667	26	812.7083333333334
832	25	1612.1666666666667	25	1722.9666666666667	23	4376.333333333333
833	29	3794.0416666666665	28	2193.625	27	3913.0833333333335
834	30	344.44791666666663	26	1389.3333333333335	31	917.3333333333334
835	24	2957.5	21	3110.3333333333335	22	3231.0166666666664
836	29	1704.3333333333333	30	1771.9166666666665	30	1574.3
837	30	4206.041666666666	32	2471.9583333333335	32	2453.239583333333
838	28	1550.7916666666665	28	1762.1666666666667	24	2834.225
839	28	1232.3229166666667	25	1069.0833333333333	27	772.2291666666666
840	31	884.3333333333334	31	1124.25	35	672.25
841	33	2277.3333333333335	33	1814.25	34	2363.0
842	25	779.5833333333334	22	1761.9250000000002	23	1141.8666666666666
843	30	1762.7145833333334	30	1878.28125	30	1658.3916666666667
844	28	1011.35	27	1304.3333333333333	29	1045.55
845	29	2176.0833333333335	33	1355.6666666666667	31	1913.3958333333333
846	30	643.4583333333334	23	1346.2291666666667	26	571.3333333333334
847	32	1859.375	29	1760.2	28	1891.8625
848	33	1386.5833333333333	27	1678.6666666666667	31	931.0
849	27	1093.6666666666667	28	1081.875	30	1081.875
850	23	4406.083333333333	21	2490.25	23	3861.0833333333335
851	34	2073.0416666666665	40	626.3333333333334	40	331.54166666666663
852	39	1436.0833333333333	42	980.1145833333333	38	1243.3333333333333
853	30	812.2916666666667	32	1663.65	30	1422.0833333333333
854	29	1918.0833333333333	27	2133.5833333333335	30	2025.8333333333335
855	24	4464.641666666666	26	3618.7083333333335	27	3554.3333333333335
856	28	2314.7666666666664	28	708.05	28	1137.9875
857	33	2773.2291666666665	34	1177.1666666666665	36	1202.8333333333333
858	26	2014.0	27	2840.2	25	3645.6666666666665
859	32	1175.6666666666665	32	1332.1666666666665	31	1396.45
860	42	588.5	34	841.0416666666667	36	724.6666666666667
861	26	1695.9166666666665	27	872.0625	27	2043.75
862	28	1227.6666666666665	25	1652.5833333333333	27	1393.0
863	30	1668.9583333333335	30	1412.1979166666665	32	1082.3645833333335
864	21	2326.0833333333335	25	1351.0	23	1737.25
865	32	1656.2395833333335	30	3016.4583333333335	31	1891.7291666666667
866	27	2864.3333333333335	31	1876.0	31	1925.5833333333333
867	22	2689.0833333333335	21	1550.3	19	5341.729166666667
868	28	4699.166666666666	27	3277.6666666666665	26	5863.739583333334
869	24	4862.016666666666	28	2051.8333333333335	24	4843.291666666666
870	25	2557.0	26	2600.666666666667	28	2333.875
871	33	2383.0	34	1669.625	33	2146.2291666666665
872	31	364.5833333333333	28	592.1666666666666	27	730.0833333333334
873	42	1607.625	42	2296.958333333333	44	2156.8958333333335
874	34	3433.03125	32	3746.95	33	3700.95
875	29	1913.7291666666667	28	1766.1979166666667	30	1785.4791666666667
876	24	1960.0416666666667	25	1729.0	24	2544.166666666667
877	30	797.25	31	1264.0	31	1264.0
878	28	964.75	25	2318.8958333333335	26	1876.3958333333335
879	25	2702.25	23	3652.3333333333335	23	3652.3333333333335
880	31	1363.5833333333333	31	1349.0625	29	2074.8333333333335
881	27	1859.0	30	1213.3645833333333	27	1953.25
882	28	649.53125	27	912.5	23	862.3333333333334
883	26	2828.541666666667	27	2046.5625	28	2073.447916666667
884	30	1439.2916666666665	31	1016.3	37	739.0
885	25	3625.3333333333335	27	2394.25	28	2546.8333333333335
886	33	1240.3333333333333	33	970.55	35	774.3958333333334
887	27	2634.3333333333335	27	519.25	25	2479.0
888	24	1670.1979166666665	29	915.25	24	1579.9166666666665
889	29	4347.5625	31	3211.0	29	4392.729166666667
890	28	1367.6666666666665	31	1090.3333333333333	31	1106.5833333333333
891	27	1547.5833333333333	21	2907.75	23	1876.3333333333333
892	29	1211.5833333333333	28	1928.2875	30	1482.9583333333333
893	26	1379.3333333333333	27	1356.3333333333333	28	1165.2083333333333
894	23	6004.0	26	2266.041666666667	24	3999.0416666666665
895	33	601.0	32	657.0833333333333	35	540.75
896	34	1281.9416666666666	32	1568.9166666666665	35	1203.0833333333333
897	22	2178.1145833333335	26	2502.989583333333	24	2512.5
898	23	3172.0	24	1275.5416666666665	22	2552.7083333333335
899	27	1358.9166666666667	26	1527.9583333333335	28	2144.1291666666666
900	26	1629.6666666666665	21	2466.3333333333335	23	1647.0
901	31	1584.3333333333333	29	2207.8958333333335	29	1858.3333333333333
902	34	934.0	32	1680.625	28	2023.6666666666667
903	26	3279.666666666667	23	5787.0	23	4056.3333333333335
904	23	4453.0	24	3452.6	21	4934.083333333333
905	23	4672.916666666667	24	2512.9416666666666	25	2587.5833333333335
906	26	5270.166666666666	25	2847.0	26	3861.208333333333
907	27	1552.75	26	2225.4583333333335	30	1099.375
908	33	1053.3333333333333	33	2299.4	30	2810.166666666667
909	29	1969.3333333333333	29	1749.0833333333333	27	1966.0833333333333
910	32	852.4583333333334	32	1605.9416666666666	31	863.5833333333334
911	31	3004.25	34	2040.4166666666667	34	2098.0375
912	30	2615.4416666666666	31	2139.0833333333335	30	2271.3125
913	29	3897.0	36	1744.75	30	2000.3270833333331
914	28	2468.53125	31	2462.7291666666665	29	2462.7291666666665
915	29	821.0625	28	921.03125	30	975.125
916	30	1909.3645833333335	29	1564.3333333333333	31	1564.3333333333333
917	30	2497.666666666667	31	2119.0	29	2858.3333333333335
918	29	2302.3333333333335	28	2085.041666666667	26	2688.25
919	25	1314.3333333333333	27	1385.3333333333333	25	1056.5625
920	25	3273.25	30	1849.5416666666665	30	1878.28125
921	18	3795.614583333333	19	3311.0833333333335	20	3466.322916666667
922	26	1101.9583333333333	25	1476.3333333333333	29	727.5833333333334
923	23	2076.5625	20	2472.4645833333334	21	2760.3333333333335
924	26	1545.4895833333333	24	1836.1145833333333	23	3290.3333333333335
925	23	982.3333333333334	31	254.33333333333334	25	966.3333333333334
926	27	1766.3333333333333	29	1730.7291666666667	27	2203.0
927	31	4114.75	36	2612.8333333333335	31	4112.333333333333
928	31	572.0625	24	3739.541666666667	27	1920.3333333333333
929	27	1833.0833333333333	30	1252.1916666666666	29	1685.3333333333333
930	26	1560.9583333333333	24	1375.3333333333333	24	1375.3333333333333
931	31	2208.25	30	2084.791666666667	30	2101.3333333333335
932	32	1609.65625	36	1616.7395833333333	34	1406.2083333333333
933	30	2148.895833333333	33	1716.3333333333333	29	2755.5
934	35	1496.05	36	1478.0666666666666	35	1509.875
935	30	1391.4895833333335	28	1962.2395833333335	30	1426.6145833333335
936	28	1582.5729166666665	28	2045.8333333333335	30	1809.5625
937	27	3410.0833333333335	27	2296.3333333333335	26	3609.5729166666665
938	29	2471.5	25	2630.3333333333335	30	2550.916666666667
939	34	1977.9583333333333	33	2093.25	32	1989.3333333333335
940	28	4423.666666666666	31	4170.916666666667	30	3349.40625
941	24	1372.6145833333333	22	1454.1145833333333	25	1622.8958333333333
942	25	1321.5833333333333	26	1331.9583333333335	22	3139.4583333333335
943	23	3064.9166666666665	22	3436.0	22	3349.541666666667
944	25	2529.3333333333335	25	1304.25	25	1329.6666666666667
945	19	1594.75	22	1878.0416666666667	19	2588.6666666666665
946	30	941.3333333333334	31	905.3333333333334	31	677.25
947	25	3408.25	26	3422.291666666667	27	2430.0833333333335
948	27	1640.3333333333333	21	1998.7291666666667	22	1825.5416666666665
949	32	1237.7083333333333	30	1825.5	29	1312.5833333333333
950	34	2194.114583333333	32	1633.275	30	2953.8166666666666
951	30	2448.28125	31	2051.0833333333335	31	2053.5833333333335
952	34	1224.875	29	2192.3333333333335	29	2217.25
953	25	892.0	32	1110.6666666666665	30	1102.5416666666665
954	26	1214.1979166666665	32	1479.3333333333333	30	2022.3645833333335
955	30	1534.0416666666665	33	1467.5833333333333	30	1703.5041666666666
956	29	2470.3333333333335	25	2949.4416666666666	30	2220.7395833333335
957	34	1163.9583333333333	31	732.0	31	1018.5625
958	30	2743.3333333333335	29	2021.1666666666667	27	3465.5
959	26	915.1666666666667	24	523.5833333333334	24	735.9166666666667
960	29	1614.2	28	1480.7395833333335	26	1582.2875
961	27	1515.0833333333333	25	1381.3333333333333	25	4239.083333333333
962	27	2022.3333333333333	27	1192.3333333333333	33	849.0
963	28	2331.916666666667	22	2655.7083333333335	27	2461.7291666666665
964	30	918.78125	26	1784.125	26	1219.0416666666665
965	30	1649.775	32	1699.3166666666666	29	1972.7291666666667
966	31	2289.0	33	2532.0	32	2709.2625
967	36	1937.1833333333334	34	1114.35	33	1789.75
968	42	901.125	41	815.25	37	897.25
969	32	2144.666666666667	33	1630.25	31	2216.3333333333335
970	26	2804.697916666667	23	3114.9166666666665	23	3100.7
971	31	1602.5833333333333	29	1385.5833333333333	30	1066.4583333333333
972	25	4229.333333333333	29	1974.9166666666667	28	3593.958333333333
973	32	1450.3333333333333	34	1311.2083333333335	29	1636.3333333333333
974	31	3639.25	34	3151.825	34	3660.125
975	35	2582.3333333333335	31	2732.3333333333335	32	1919.6666666666665
976	27	4297.583333333333	23	4326.375	26	4213.916666666666
977	21	1535.75	21	1458.05	22	986.0416666666666
978	28	1330.8333333333333	26	1519.2083333333333	23	1689.3333333333333
979	38	1621.9583333333333	32	1833.65625	33	1773.7291666666667
980	29	1848.7291666666667	26	1874.3645833333335	29	1848.7291666666667
981	25	2202.3333333333335	25	2116.3333333333335	27	1453.0
982	26	1984.2916666666665	28	1370.2083333333333	25	2836.5625
983	29	648.8	27	2330.9166666666665	31	611.45
984	23	1750.1666666666667	22	1828.45	24	1776.0479166666667
985	31	967.0	31	1311.3333333333333	26	1304.3645833333335
986	30	1567.7214285714285	29	1652.9166666666667	30	1655.8526785714284
987	34	1221.1666666666665	29	1450.3333333333333	30	1413.4166666666665
988	28	2562.833333333333	21	2387.4666666666667	26	2400.4
989	24	1692.125	19	4233.333333333333	19	4731.895833333333
990	26	3086.68125	27	2164.6666666666665	26	2250.03125
991	22	1890.8166666666666	27	937.3333333333334	22	2142.3333333333335
992	21	5240.0	26	4263.058333333333	25	4503.941666666667
993	30	1561.6666666666665	27	1760.5833333333333	28	1541.9416666666666
994	28	3680.4166666666665	32	2373.541666666667	31	2586.3333333333335
995	29	953.7291666666666	26	1060.3958333333333	25	1376.1666666666667
996	25	4438.8	27	2623.0	27	2623.0
997	36	2355.625	35	991.0	35	1309.75
998	32	1261.3333333333333	33	1725.3958333333333	27	2404.95
999	30	1460.6666666666665	27	1767.0	27	2655.25
1000	28	2860.1916666666666	30	1703.8333333333333	27	2687.25
